ticker,tag,fy,annual,has_q123,implied_q4,has_explicit_q4,explicit_q4,match
AAPL,NetIncomeLoss,2007,3495000000,False,,False,,
AAPL,NetIncomeLoss,2008,6119000000,False,,False,,
AAPL,NetIncomeLoss,2009,8235000000,True,2532000000.0,True,2532000000.0,True
AAPL,NetIncomeLoss,2010,14013000000,True,4308000000.0,True,4308000000.0,True
AAPL,NetIncomeLoss,2011,25922000000,True,6623000000.0,True,6623000000.0,True
AAPL,NetIncomeLoss,2012,41733000000,True,8223000000.0,True,8223000000.0,True
AAPL,NetIncomeLoss,2013,37037000000,True,7512000000.0,True,7512000000.0,True
AAPL,NetIncomeLoss,2014,39510000000,True,8467000000.0,True,8467000000.0,True
AAPL,NetIncomeLoss,2015,53394000000,True,11124000000.0,True,11124000000.0,True
AAPL,NetIncomeLoss,2016,45687000000,True,9014000000.0,True,9014000000.0,True
AAPL,NetIncomeLoss,2017,48351000000,False,,True,10714000000.0,
AAPL,NetIncomeLoss,2018,59531000000,True,14125000000.0,True,14125000000.0,True
AAPL,NetIncomeLoss,2019,55256000000,True,13686000000.0,True,13686000000.0,True
AAPL,NetIncomeLoss,2020,57411000000,True,12673000000.0,True,12673000000.0,True
AAPL,NetIncomeLoss,2021,94680000000,True,20551000000.0,False,,
AAPL,NetIncomeLoss,2022,99803000000,True,20721000000.0,False,,
AAPL,NetIncomeLoss,2023,96995000000,False,,False,,
AAPL,NetIncomeLoss,2024,93736000000,True,14736000000.0,False,,
AAPL,NetIncomeLoss,2025,112010000000,True,27466000000.0,False,,
ABBV,NetIncomeLoss,2014,1774000000,False,,False,,
ABBV,NetIncomeLoss,2015,5144000000,True,1517000000.0,True,1517000000.0,True
ABBV,NetIncomeLoss,2016,5953000000,True,1391000000.0,True,1391000000.0,True
ABBV,NetIncomeLoss,2017,5309000000,True,52000000.0,True,52000000.0,True
ABBV,NetIncomeLoss,2018,5687000000,True,-1826000000.0,True,-1826000000.0,True
ABBV,NetIncomeLoss,2019,7882000000,True,2801000000.0,True,2801000000.0,True
ABBV,NetIncomeLoss,2020,4616000000,True,36000000.0,True,36000000.0,True
ABBV,NetIncomeLoss,2021,11542000000,True,4044000000.0,True,4044000000.0,True
ABBV,NetIncomeLoss,2022,11836000000,True,2473000000.0,True,2473000000.0,True
ABBV,NetIncomeLoss,2023,4863000000,True,822000000.0,True,822000000.0,True
ABBV,NetIncomeLoss,2024,4278000000,True,-22000000.0,True,-22000000.0,True
ABBV,NetIncomeLoss,2025,4226000000,True,1816000000.0,True,1816000000.0,True
AMAT,NetIncomeLoss,2007,1710196000,False,,False,,
AMAT,NetIncomeLoss,2008,960746000,False,,False,,
AMAT,NetIncomeLoss,2009,-305000000,True,138189000.0,True,137862000.0,True
AMAT,NetIncomeLoss,2010,938000000,False,,True,468000000.0,
AMAT,NetIncomeLoss,2011,1926000000,False,,True,456000000.0,
AMAT,NetIncomeLoss,2012,109000000,True,-515000000.0,True,-515000000.0,True
AMAT,NetIncomeLoss,2013,256000000,True,183000000.0,True,183000000.0,True
AMAT,NetIncomeLoss,2014,1072000000,True,256000000.0,True,256000000.0,True
AMAT,NetIncomeLoss,2015,1377000000,True,336000000.0,True,336000000.0,True
AMAT,NetIncomeLoss,2016,1721000000,False,,True,610000000.0,
AMAT,NetIncomeLoss,2017,3519000000,True,1067000000.0,True,982000000.0,False
AMAT,NetIncomeLoss,2018,3038000000,True,757000000.0,True,757000000.0,True
AMAT,NetIncomeLoss,2019,2706000000,True,698000000.0,True,698000000.0,True
AMAT,NetIncomeLoss,2020,3619000000,True,1131000000.0,True,1131000000.0,True
AMAT,NetIncomeLoss,2021,5888000000,False,,False,,
AMAT,NetIncomeLoss,2022,6525000000,False,,False,,
AMAT,NetIncomeLoss,2023,6856000000,True,2004000000.0,False,,
AMAT,NetIncomeLoss,2024,7177000000,True,1731000000.0,False,,
AMAT,NetIncomeLoss,2025,6998000000,True,1897000000.0,False,,
AMD,NetIncomeLoss,2010,471000000,False,,False,,
AMD,NetIncomeLoss,2011,491000000,False,,True,-177000000.0,
AMD,NetIncomeLoss,2012,-1183000000,True,-473000000.0,True,-473000000.0,True
AMD,NetIncomeLoss,2013,-83000000,True,89000000.0,True,89000000.0,True
AMD,NetIncomeLoss,2014,-403000000,True,-364000000.0,True,-364000000.0,True
AMD,NetIncomeLoss,2015,-660000000,True,-102000000.0,True,-102000000.0,True
AMD,NetIncomeLoss,2016,-498000000,True,-52000000.0,True,-51000000.0,True
AMD,NetIncomeLoss,2017,-33000000,False,,True,-19000000.0,
AMD,NetIncomeLoss,2018,337000000,True,38000000.0,True,38000000.0,True
AMD,NetIncomeLoss,2019,341000000,True,170000000.0,True,170000000.0,True
AMD,NetIncomeLoss,2020,2490000000,True,1781000000.0,True,1781000000.0,True
AMD,NetIncomeLoss,2021,3162000000,True,974000000.0,False,,
AMD,NetIncomeLoss,2022,1320000000,True,21000000.0,False,,
AMD,NetIncomeLoss,2023,854000000,False,,False,,
AMD,NetIncomeLoss,2024,1641000000,True,482000000.0,False,,
AMD,NetIncomeLoss,2025,4335000000,True,1511000000.0,False,,
AMZN,NetIncomeLoss,2007,476000000,False,,False,,
AMZN,NetIncomeLoss,2008,645000000,False,,False,,
AMZN,NetIncomeLoss,2009,902000000,True,384000000.0,True,384000000.0,True
AMZN,NetIncomeLoss,2010,1152000000,True,415000000.0,True,416000000.0,True
AMZN,NetIncomeLoss,2011,631000000,True,768000000.0,True,97000000.0,False
AMZN,NetIncomeLoss,2012,-39000000,True,98000000.0,True,97000000.0,False
AMZN,NetIncomeLoss,2013,274000000,True,240000000.0,True,239000000.0,True
AMZN,NetIncomeLoss,2014,-241000000,True,214000000.0,True,214000000.0,True
AMZN,NetIncomeLoss,2015,596000000,True,482000000.0,True,482000000.0,True
AMZN,NetIncomeLoss,2016,2371000000,True,749000000.0,True,749000000.0,True
AMZN,NetIncomeLoss,2017,3033000000,True,1856000000.0,True,1856000000.0,True
AMZN,NetIncomeLoss,2018,10073000000,True,3027000000.0,True,3027000000.0,True
AMZN,NetIncomeLoss,2019,11588000000,True,3268000000.0,True,3268000000.0,True
AMZN,NetIncomeLoss,2020,21331000000,True,7222000000.0,True,7222000000.0,True
AMZN,NetIncomeLoss,2021,33364000000,True,14323000000.0,False,,
AMZN,NetIncomeLoss,2022,-2722000000,True,278000000.0,False,,
AMZN,NetIncomeLoss,2023,30425000000,True,10624000000.0,False,,
AMZN,NetIncomeLoss,2024,59248000000,True,20004000000.0,False,,
AMZN,NetIncomeLoss,2025,77670000000,True,21192000000.0,False,,
AVGO,NetIncomeLoss,2018,12259000000,True,1115000000.0,True,1115000000.0,True
AVGO,NetIncomeLoss,2024,5895000000,False,,False,,
CAT,NetIncomeLoss,2007,3541000000,False,,False,,
CAT,NetIncomeLoss,2008,3557000000,False,,False,,
CAT,NetIncomeLoss,2009,895000000,True,232000000.0,True,232000000.0,True
CAT,NetIncomeLoss,2010,2700000000,True,968000000.0,True,968000000.0,True
COST,NetIncomeLoss,2008,1283000000,False,,False,,
COST,NetIncomeLoss,2009,1086000000,True,374000000.0,True,374000000.0,True
COST,NetIncomeLoss,2010,1303000000,True,432000000.0,True,432000000.0,True
COST,NetIncomeLoss,2011,1462000000,True,478000000.0,True,478000000.0,True
COST,NetIncomeLoss,2014,2058000000,True,697000000.0,True,697000000.0,True
COST,NetIncomeLoss,2015,2377000000,True,767000000.0,True,767000000.0,True
COST,NetIncomeLoss,2016,2350000000,True,779000000.0,True,779000000.0,True
COST,NetIncomeLoss,2020,4002000000,True,1389000000.0,True,1389000000.0,True
COST,NetIncomeLoss,2021,5007000000,True,1670000000.0,False,,
COST,NetIncomeLoss,2022,5844000000,True,1868000000.0,False,,
COST,NetIncomeLoss,2025,8099000000,True,2610000000.0,False,,
CSCO,NetIncomeLoss,2008,8052000000,False,,False,,
CSCO,NetIncomeLoss,2009,6134000000,True,1081000000.0,True,1081000000.0,True
CSCO,NetIncomeLoss,2010,7767000000,False,,True,1935000000.0,
CSCO,NetIncomeLoss,2011,6490000000,True,1232000000.0,True,1232000000.0,True
CSCO,NetIncomeLoss,2012,8041000000,True,1917000000.0,False,,
CSCO,NetIncomeLoss,2013,9983000000,True,2270000000.0,False,,
CSCO,NetIncomeLoss,2014,7853000000,True,2247000000.0,False,,
CSCO,NetIncomeLoss,2015,8981000000,True,2319000000.0,False,,
CSCO,NetIncomeLoss,2016,10739000000,True,2813000000.0,True,2813000000.0,True
CSCO,NetIncomeLoss,2017,9609000000,True,2424000000.0,True,2424000000.0,True
CSCO,NetIncomeLoss,2018,110000000,True,3803000000.0,True,3803000000.0,True
CSCO,NetIncomeLoss,2019,11621000000,True,2206000000.0,True,2206000000.0,True
CSCO,NetIncomeLoss,2020,11214000000,True,2636000000.0,True,2636000000.0,True
CSCO,NetIncomeLoss,2021,10591000000,False,,False,,
CSCO,NetIncomeLoss,2022,11812000000,True,2815000000.0,False,,
CSCO,NetIncomeLoss,2023,12613000000,True,3958000000.0,False,,
CSCO,NetIncomeLoss,2024,10320000000,True,2162000000.0,False,,
CSCO,NetIncomeLoss,2025,10180000000,True,2550000000.0,False,,
CVX,NetIncomeLoss,2007,18688000000,False,,False,,
CVX,NetIncomeLoss,2008,23931000000,True,4895000000.0,False,,
CVX,NetIncomeLoss,2009,10483000000,True,3070000000.0,False,,
CVX,NetIncomeLoss,2010,19024000000,True,5295000000.0,False,,
CVX,NetIncomeLoss,2011,26895000000,True,5123000000.0,False,,
CVX,NetIncomeLoss,2012,26179000000,True,7245000000.0,False,,
CVX,NetIncomeLoss,2013,21423000000,True,4930000000.0,False,,
CVX,NetIncomeLoss,2014,19241000000,True,3471000000.0,False,,
CVX,NetIncomeLoss,2015,4587000000,True,-588000000.0,False,,
CVX,NetIncomeLoss,2016,-497000000,True,415000000.0,False,,
CVX,NetIncomeLoss,2017,9195000000,True,3111000000.0,False,,
CVX,NetIncomeLoss,2018,14824000000,True,3730000000.0,False,,
CVX,NetIncomeLoss,2019,2924000000,True,-6610000000.0,False,,
CVX,NetIncomeLoss,2020,-5543000000,True,-665000000.0,False,,
CVX,NetIncomeLoss,2021,15625000000,True,5055000000.0,False,,
CVX,NetIncomeLoss,2022,35465000000,True,6353000000.0,False,,
CVX,NetIncomeLoss,2023,21369000000,True,2259000000.0,False,,
CVX,NetIncomeLoss,2024,17661000000,True,3239000000.0,False,,
CVX,NetIncomeLoss,2025,12299000000,True,2770000000.0,False,,
GE,NetIncomeLoss,2007,22208000000,False,,False,,
GE,NetIncomeLoss,2008,17410000000,False,,False,,
GE,NetIncomeLoss,2009,11025000000,True,3013000000.0,True,3013000000.0,True
GE,NetIncomeLoss,2010,11644000000,True,4535000000.0,True,4535000000.0,True
GE,NetIncomeLoss,2011,14151000000,True,3730000000.0,True,3730000000.0,True
GE,NetIncomeLoss,2012,13641000000,True,4011000000.0,True,4011000000.0,True
GE,NetIncomeLoss,2013,13057000000,True,3206000000.0,True,3206000000.0,True
GE,NetIncomeLoss,2014,15233000000,True,5152000000.0,True,5152000000.0,True
GE,NetIncomeLoss,2015,-6126000000,True,6301000000.0,True,6301000000.0,True
GE,NetIncomeLoss,2016,7500000000,True,2337000000.0,True,3667000000.0,False
GE,NetIncomeLoss,2017,-8484000000,True,-10818000000.0,True,-10818000000.0,True
GE,NetIncomeLoss,2018,-22355000000,True,761000000.0,True,761000000.0,True
GE,NetIncomeLoss,2019,-4979000000,True,729000000.0,True,728000000.0,True
GE,NetIncomeLoss,2020,5704000000,True,2636000000.0,True,2636000000.0,True
GE,NetIncomeLoss,2021,-6337000000,True,-3853000000.0,True,-3853000000.0,True
GE,NetIncomeLoss,2022,336000000,True,2193000000.0,True,2197000000.0,False
GE,NetIncomeLoss,2023,9482000000,True,1589000000.0,True,1589000000.0,True
GE,NetIncomeLoss,2024,6556000000,True,1899000000.0,True,1899000000.0,True
GE,NetIncomeLoss,2025,8704000000,True,2541000000.0,False,,
GOOGL,NetIncomeLoss,2013,12733000000,False,,False,,
GOOGL,NetIncomeLoss,2014,14136000000,False,,False,,
GOOGL,NetIncomeLoss,2015,16348000000,True,4923000000.0,False,,
GOOGL,NetIncomeLoss,2016,19478000000,True,5333000000.0,False,,
GOOGL,NetIncomeLoss,2017,12662000000,True,-3020000000.0,False,,
GOOGL,NetIncomeLoss,2018,30736000000,True,8948000000.0,False,,
GOOGL,NetIncomeLoss,2019,34343000000,True,10671000000.0,False,,
GOOGL,NetIncomeLoss,2020,40269000000,True,15227000000.0,False,,
GOOGL,NetIncomeLoss,2021,76033000000,True,20642000000.0,False,,
GOOGL,NetIncomeLoss,2022,59972000000,True,13624000000.0,False,,
GOOGL,NetIncomeLoss,2023,73795000000,True,20687000000.0,False,,
GOOGL,NetIncomeLoss,2024,100118000000,True,26536000000.0,False,,
GOOGL,NetIncomeLoss,2025,132170000000,True,34455000000.0,False,,
HD,NetIncomeLoss,2008,4395000000,False,,False,,
HD,NetIncomeLoss,2009,2260000000,False,,False,,
HD,NetIncomeLoss,2013,4535000000,False,,True,1021000000.0,
HD,NetIncomeLoss,2014,5385000000,True,1013000000.0,True,1013000000.0,True
HD,NetIncomeLoss,2015,6345000000,True,1379000000.0,True,1379000000.0,True
HD,NetIncomeLoss,2019,11121000000,False,,True,2344000000.0,
HD,NetIncomeLoss,2020,11242000000,True,2481000000.0,True,2481000000.0,True
HD,NetIncomeLoss,2025,14806000000,False,,False,,
HD,NetIncomeLoss,2026,14156000000,True,2571000000.0,False,,
JNJ,NetIncomeLoss,2012,10853000000,False,,True,2567000000.0,
JNJ,NetIncomeLoss,2013,13831000000,True,3519000000.0,True,3519000000.0,True
JNJ,NetIncomeLoss,2014,16323000000,True,2521000000.0,True,2521000000.0,True
JNJ,NetIncomeLoss,2017,1300000000,False,,True,-10713000000.0,
JNJ,NetIncomeLoss,2018,15297000000,False,,True,3042000000.0,
JNJ,NetIncomeLoss,2019,15119000000,True,4010000000.0,True,4010000000.0,True
JNJ,NetIncomeLoss,2023,35153000000,False,,True,4049000000.0,
JNJ,NetIncomeLoss,2024,14066000000,True,3431000000.0,False,,
JNJ,NetIncomeLoss,2025,26804000000,True,5116000000.0,False,,
KO,NetIncomeLoss,2007,5981000000,False,,False,,
KO,NetIncomeLoss,2008,5807000000,False,,False,,
KO,NetIncomeLoss,2009,6824000000,False,,False,,
KO,NetIncomeLoss,2010,11787000000,False,,False,,
KO,NetIncomeLoss,2011,8584000000,False,,False,,
KO,NetIncomeLoss,2012,9019000000,True,1866000000.0,False,,
KO,NetIncomeLoss,2013,8584000000,True,1710000000.0,False,,
KO,NetIncomeLoss,2014,7098000000,True,770000000.0,False,,
KO,NetIncomeLoss,2015,7351000000,False,,False,,
KO,NetIncomeLoss,2016,6527000000,False,,False,,
KO,NetIncomeLoss,2017,1248000000,True,-2752000000.0,False,,
KO,NetIncomeLoss,2018,6434000000,True,870000000.0,False,,
KO,NetIncomeLoss,2019,8920000000,True,2042000000.0,False,,
KO,NetIncomeLoss,2020,7747000000,True,1456000000.0,False,,
KO,NetIncomeLoss,2021,9771000000,False,,False,,
KO,NetIncomeLoss,2022,9542000000,False,,False,,
KO,NetIncomeLoss,2023,10714000000,True,1973000000.0,False,,
KO,NetIncomeLoss,2024,10631000000,True,2195000000.0,False,,
KO,NetIncomeLoss,2025,13107000000,True,2271000000.0,False,,
LLY,NetIncomeLoss,2007,2953000000,False,,False,,
LLY,NetIncomeLoss,2008,-2071900000,False,,False,,
LLY,NetIncomeLoss,2009,4328800000,True,915400000.0,False,,
LLY,NetIncomeLoss,2010,5069500000,True,1169600000.0,False,,
LLY,NetIncomeLoss,2011,4347700000,True,858200000.0,False,,
LLY,NetIncomeLoss,2012,4088600000,True,827300000.0,True,827200000.0,True
LLY,NetIncomeLoss,2013,4684800000,True,727500000.0,True,727500000.0,True
LLY,NetIncomeLoss,2014,2390500000,True,428500000.0,True,428500000.0,True
LLY,NetIncomeLoss,2015,2408400000,True,478400000.0,True,478400000.0,True
LLY,NetIncomeLoss,2016,2737600000,True,771800000.0,True,771800000.0,True
LLY,NetIncomeLoss,2017,-204100000,True,-1656900000.0,False,,
LLY,NetIncomeLoss,2018,3232000000,True,1125000000.0,False,,
LLY,NetIncomeLoss,2019,8318400000,True,1495700000.0,False,,
LLY,NetIncomeLoss,2020,6193700000,True,2116800000.0,False,,
LLY,NetIncomeLoss,2021,5581700000,True,1726100000.0,False,,
LLY,NetIncomeLoss,2022,6244800000,True,1937700000.0,False,,
LLY,NetIncomeLoss,2023,5240000000,True,2189300000.0,False,,
LLY,NetIncomeLoss,2024,10590000000,True,4409800000.0,False,,
LLY,NetIncomeLoss,2025,20640000000,True,6637700000.0,False,,
LRCX,NetIncomeLoss,2009,-302148000,False,,False,,
LRCX,NetIncomeLoss,2010,346669000,True,139997000.0,False,,
LRCX,NetIncomeLoss,2011,723748000,True,125928000.0,False,,
LRCX,NetIncomeLoss,2012,168723000,True,18069000.0,False,,
LRCX,NetIncomeLoss,2013,113879000,True,85707000.0,False,,
LRCX,NetIncomeLoss,2014,632289000,True,233395000.0,False,,
LRCX,NetIncomeLoss,2015,655577000,True,131271000.0,False,,
LRCX,NetIncomeLoss,2016,914049000,True,258939000.0,False,,
LRCX,NetIncomeLoss,2017,1697763000,True,526424000.0,False,,
LRCX,NetIncomeLoss,2018,2380681000,True,1021146000.0,False,,
LRCX,NetIncomeLoss,2019,2191430000,True,541825000.0,False,,
LRCX,NetIncomeLoss,2020,2251753000,True,696673000.0,False,,
LRCX,NetIncomeLoss,2021,3908458000,True,1144657000.0,False,,
LRCX,NetIncomeLoss,2022,4605286000,True,1208934000.0,False,,
LRCX,NetIncomeLoss,2023,4510931000,True,802537000.0,False,,
LRCX,NetIncomeLoss,2024,3827772000,True,1020282000.0,False,,
LRCX,NetIncomeLoss,2025,5358217000,True,1720088000.0,False,,
MA,NetIncomeLoss,2007,1085886000,False,,False,,
MA,NetIncomeLoss,2008,-253915000,False,,False,,
MA,NetIncomeLoss,2009,1463000000,True,294727000.0,True,295000000.0,True
MA,NetIncomeLoss,2010,1846000000,True,415000000.0,True,415000000.0,True
MA,NetIncomeLoss,2011,1906000000,True,19000000.0,True,19000000.0,True
MA,NetIncomeLoss,2012,2759000000,True,605000000.0,True,605000000.0,True
MA,NetIncomeLoss,2013,3116000000,True,623000000.0,True,623000000.0,True
META,NetIncomeLoss,2010,606000000,False,,False,,
META,NetIncomeLoss,2011,1000000000,False,,False,,
META,NetIncomeLoss,2012,53000000,True,64000000.0,False,,
META,NetIncomeLoss,2013,1500000000,True,523000000.0,False,,
META,NetIncomeLoss,2014,2940000000,True,701000000.0,False,,
META,NetIncomeLoss,2015,3688000000,True,1561000000.0,False,,
META,NetIncomeLoss,2016,10217000000,True,3569000000.0,False,,
META,NetIncomeLoss,2017,15934000000,True,4269000000.0,False,,
META,NetIncomeLoss,2018,22112000000,True,6881000000.0,False,,
META,NetIncomeLoss,2019,18485000000,True,7349000000.0,False,,
META,NetIncomeLoss,2020,29146000000,True,11220000000.0,False,,
META,NetIncomeLoss,2021,39370000000,True,10285000000.0,False,,
META,NetIncomeLoss,2022,23200000000,True,4653000000.0,False,,
META,NetIncomeLoss,2023,39098000000,True,14018000000.0,False,,
META,NetIncomeLoss,2024,62360000000,True,20838000000.0,False,,
META,NetIncomeLoss,2025,60458000000,True,22768000000.0,False,,
MSFT,NetIncomeLoss,2008,17681000000,True,4623000000.0,True,4174000000.0,False
MSFT,NetIncomeLoss,2009,14569000000,True,4973000000.0,True,6662000000.0,False
MSFT,NetIncomeLoss,2010,18760000000,True,4826000000.0,True,6634000000.0,False
MSFT,NetIncomeLoss,2011,23150000000,True,6306000000.0,True,6624000000.0,False
MSFT,NetIncomeLoss,2012,16978000000,True,7896000000.0,True,6377000000.0,False
MSFT,NetIncomeLoss,2013,21863000000,True,5599000000.0,True,6558000000.0,False
MSFT,NetIncomeLoss,2014,22074000000,True,7262000000.0,True,5863000000.0,False
MSFT,NetIncomeLoss,2015,12193000000,True,5501000000.0,True,5018000000.0,False
MSFT,NetIncomeLoss,2016,20539000000,True,7994000000.0,True,6267000000.0,False
MSFT,NetIncomeLoss,2017,25489000000,True,5358000000.0,True,-6302000000.0,False
MSFT,NetIncomeLoss,2018,16571000000,True,-8550000000.0,True,8420000000.0,False
MSFT,NetIncomeLoss,2019,39240000000,True,6566000000.0,True,11649000000.0,False
MSFT,NetIncomeLoss,2020,44281000000,True,8434000000.0,True,15463000000.0,False
MSFT,NetIncomeLoss,2021,61271000000,False,,True,18765000000.0,
MSFT,NetIncomeLoss,2022,72738000000,False,,True,16425000000.0,
MSFT,NetIncomeLoss,2023,72361000000,False,,True,21870000000.0,
MSFT,NetIncomeLoss,2024,88136000000,False,,True,24108000000.0,
MSFT,NetIncomeLoss,2025,101832000000,False,,True,38458000000.0,
MU,NetIncomeLoss,2009,-1882000000,False,,False,,
MU,NetIncomeLoss,2010,1850000000,True,342000000.0,True,342000000.0,True
MU,NetIncomeLoss,2011,167000000,True,-135000000.0,True,-135000000.0,True
MU,NetIncomeLoss,2015,2899000000,True,471000000.0,True,471000000.0,True
MU,NetIncomeLoss,2016,-276000000,True,-170000000.0,True,-170000000.0,True
MU,NetIncomeLoss,2020,2687000000,False,,True,988000000.0,
MU,NetIncomeLoss,2021,5861000000,True,2720000000.0,False,,
MU,NetIncomeLoss,2022,8687000000,True,1492000000.0,False,,
NFLX,NetIncomeLoss,2007,66608000,False,,False,,
NFLX,NetIncomeLoss,2008,83026000,False,,False,,
NFLX,NetIncomeLoss,2009,115860000,True,30913000.0,False,,
NFLX,NetIncomeLoss,2010,160853000,True,47095000.0,True,47095000.0,True
NFLX,NetIncomeLoss,2011,226126000,True,35219000.0,True,35219000.0,True
NFLX,NetIncomeLoss,2012,17152000,True,7897000.0,True,7897000.0,True
NFLX,NetIncomeLoss,2013,112403000,True,48421000.0,True,48421000.0,True
NFLX,NetIncomeLoss,2014,266799000,True,83371000.0,True,83371000.0,True
NFLX,NetIncomeLoss,2015,122641000,True,43178000.0,True,43178000.0,True
NFLX,NetIncomeLoss,2016,186678000,True,66748000.0,True,66748000.0,True
NFLX,NetIncomeLoss,2017,558929000,True,185517000.0,True,185517000.0,True
NFLX,NetIncomeLoss,2018,1211242000,True,133934000.0,True,133934000.0,True
NFLX,NetIncomeLoss,2019,1866916000,True,586970000.0,True,586970000.0,True
NFLX,NetIncomeLoss,2020,2761395000,True,542156000.0,True,542156000.0,True
NFLX,NetIncomeLoss,2021,5116228000,True,607429000.0,False,,
NFLX,NetIncomeLoss,2022,4491924000,True,55284000.0,False,,
NFLX,NetIncomeLoss,2023,5407990000,True,937838000.0,False,,
NFLX,NetIncomeLoss,2024,8711631000,True,1868607000.0,False,,
NFLX,NetIncomeLoss,2025,10981201000,True,2418521000.0,False,,
NVDA,NetIncomeLoss,2008,797645000,False,,False,,
NVDA,NetIncomeLoss,2009,-30041000,False,,False,,
NVDA,NetIncomeLoss,2010,-67987000,True,131076000.0,True,131076000.0,True
NVDA,NetIncomeLoss,2011,253146000,False,,True,171651000.0,
NVDA,NetIncomeLoss,2012,581090000,False,,True,116025000.0,
NVDA,NetIncomeLoss,2013,562536000,True,173973000.0,True,173973000.0,True
NVDA,NetIncomeLoss,2014,440000000,True,146927000.0,True,146917000.0,True
NVDA,NetIncomeLoss,2015,631000000,True,193000000.0,True,193000000.0,True
NVDA,NetIncomeLoss,2016,614000000,True,207000000.0,True,207000000.0,True
NVDA,NetIncomeLoss,2017,1666000000,False,,True,655000000.0,
NVDA,NetIncomeLoss,2018,3047000000,True,1119000000.0,True,1118000000.0,True
NVDA,NetIncomeLoss,2019,4141000000,True,566000000.0,True,567000000.0,True
NVDA,NetIncomeLoss,2020,2796000000,True,951000000.0,True,950000000.0,True
NVDA,NetIncomeLoss,2021,4332000000,True,1457000000.0,False,,
NVDA,NetIncomeLoss,2022,9752000000,False,,False,,
NVDA,NetIncomeLoss,2023,4368000000,False,,False,,
NVDA,NetIncomeLoss,2024,29760000000,True,12286000000.0,False,,
NVDA,NetIncomeLoss,2025,72880000000,True,22091000000.0,False,,
NVDA,NetIncomeLoss,2026,120067000000,True,42960000000.0,False,,
ORCL,NetIncomeLoss,2008,5581000000,False,,False,,
ORCL,NetIncomeLoss,2009,5677000000,False,,False,,
ORCL,NetIncomeLoss,2010,6135000000,False,,False,,
ORCL,NetIncomeLoss,2011,8547000000,False,,False,,
ORCL,NetIncomeLoss,2012,9981000000,True,3451000000.0,False,,
ORCL,NetIncomeLoss,2013,10925000000,True,3806000000.0,False,,
ORCL,NetIncomeLoss,2014,10955000000,True,3646000000.0,False,,
ORCL,NetIncomeLoss,2015,9938000000,True,2757000000.0,False,,
ORCL,NetIncomeLoss,2016,8901000000,True,2815000000.0,False,,
ORCL,NetIncomeLoss,2017,9452000000,True,3349000000.0,False,,
ORCL,NetIncomeLoss,2018,3587000000,True,3276000000.0,False,,
ORCL,NetIncomeLoss,2019,11083000000,True,3740000000.0,False,,
ORCL,NetIncomeLoss,2020,10135000000,True,3116000000.0,False,,
ORCL,NetIncomeLoss,2021,13746000000,True,4032000000.0,False,,
ORCL,NetIncomeLoss,2022,6717000000,True,3188000000.0,False,,
ORCL,NetIncomeLoss,2023,8503000000,True,3318000000.0,False,,
ORCL,NetIncomeLoss,2024,10467000000,True,3143000000.0,False,,
ORCL,NetIncomeLoss,2025,12443000000,True,3427000000.0,False,,
PG,NetIncomeLoss,2008,12075000000,False,,False,,
PG,NetIncomeLoss,2009,13436000000,True,2471000000.0,True,2471000000.0,True
PG,NetIncomeLoss,2010,12736000000,True,2185000000.0,True,2185000000.0,True
PG,NetIncomeLoss,2011,11797000000,True,2510000000.0,True,2510000000.0,True
PG,NetIncomeLoss,2012,10756000000,True,3631000000.0,True,3631000000.0,True
PG,NetIncomeLoss,2013,11312000000,True,1875000000.0,True,1875000000.0,True
PG,NetIncomeLoss,2014,11643000000,True,2579000000.0,True,2579000000.0,True
PG,NetIncomeLoss,2015,7036000000,True,521000000.0,True,521000000.0,True
PG,NetIncomeLoss,2016,10508000000,True,1951000000.0,True,1951000000.0,True
PG,NetIncomeLoss,2017,15326000000,True,2215000000.0,True,2215000000.0,True
PG,NetIncomeLoss,2018,9750000000,True,1891000000.0,True,1891000000.0,True
PG,NetIncomeLoss,2019,3897000000,True,-5241000000.0,True,-5241000000.0,True
PG,NetIncomeLoss,2020,13027000000,True,2800000000.0,True,2800000000.0,True
PG,NetIncomeLoss,2021,14306000000,True,2906000000.0,False,,
PG,NetIncomeLoss,2022,14742000000,True,3052000000.0,False,,
PG,NetIncomeLoss,2023,14653000000,True,3384000000.0,False,,
PG,NetIncomeLoss,2024,14879000000,True,3136000000.0,False,,
PG,NetIncomeLoss,2025,15974000000,True,3616000000.0,False,,
PLTR,NetIncomeLoss,2018,-580027000,False,,False,,
PLTR,NetIncomeLoss,2019,-579646000,False,,False,,
PLTR,NetIncomeLoss,2020,-1166391000,True,-148343000.0,False,,
PLTR,NetIncomeLoss,2021,-520379000,True,-156188000.0,False,,
PLTR,NetIncomeLoss,2022,-373705000,True,30878000.0,False,,
PLTR,NetIncomeLoss,2023,209825000,True,93391000.0,False,,
PLTR,NetIncomeLoss,2024,462190000,True,79009000.0,False,,
PLTR,NetIncomeLoss,2025,1625033000,True,608676000.0,False,,
TSLA,NetIncomeLoss,2009,-55740000,False,,False,,
TSLA,NetIncomeLoss,2010,-154328000,True,-51357000.0,True,-51358000.0,True
TSLA,NetIncomeLoss,2011,-254411000,True,-81489000.0,True,-81488000.0,True
TSLA,NetIncomeLoss,2012,-396213000,True,-89933000.0,True,-89932000.0,True
TSLA,NetIncomeLoss,2013,-74014000,True,-16264000.0,True,-16264000.0,True
TSLA,NetIncomeLoss,2014,-294040000,True,-107632000.0,True,-107630000.0,True
TSLA,NetIncomeLoss,2015,-888663000,True,-320397000.0,True,-320397000.0,True
TSLA,NetIncomeLoss,2016,-674914000,True,-121337000.0,True,-121337000.0,True
TSLA,NetIncomeLoss,2017,-1962000000,True,-675950000.0,True,-675350000.0,True
TSLA,NetIncomeLoss,2018,-976000000,True,140000000.0,True,140000000.0,True
TSLA,NetIncomeLoss,2019,-862000000,True,105000000.0,True,105000000.0,True
TSLA,NetIncomeLoss,2020,721000000,True,270000000.0,True,270000000.0,True
TSLA,NetIncomeLoss,2021,5519000000,True,2321000000.0,False,,
TSLA,NetIncomeLoss,2022,12556000000,True,3687000000.0,False,,
TSLA,NetIncomeLoss,2023,14997000000,True,7928000000.0,False,,
TSLA,NetIncomeLoss,2024,7091000000,True,2128000000.0,False,,
TSLA,NetIncomeLoss,2025,3794000000,True,840000000.0,False,,
V,NetIncomeLoss,2007,-1076000000,False,,False,,
V,NetIncomeLoss,2008,804000000,False,,False,,
V,NetIncomeLoss,2009,2353000000,True,514000000.0,False,,
V,NetIncomeLoss,2010,2966000000,True,774000000.0,True,774000000.0,True
V,NetIncomeLoss,2011,3650000000,True,880000000.0,True,880000000.0,True
V,NetIncomeLoss,2012,2144000000,True,1662000000.0,False,,
V,NetIncomeLoss,2013,4980000000,True,1192000000.0,False,,
V,NetIncomeLoss,2014,5438000000,True,1073000000.0,False,,
V,NetIncomeLoss,2015,6328000000,True,1512000000.0,False,,
V,NetIncomeLoss,2016,5991000000,True,1931000000.0,False,,
V,NetIncomeLoss,2017,6699000000,True,2140000000.0,False,,
V,NetIncomeLoss,2018,10301000000,True,2845000000.0,False,,
V,NetIncomeLoss,2019,12080000000,True,3025000000.0,False,,
V,NetIncomeLoss,2020,10866000000,True,2137000000.0,False,,
V,NetIncomeLoss,2021,12311000000,True,3584000000.0,False,,
V,NetIncomeLoss,2022,14957000000,True,3940000000.0,False,,
V,NetIncomeLoss,2023,17273000000,True,4681000000.0,False,,
V,NetIncomeLoss,2024,19743000000,True,5318000000.0,False,,
V,NetIncomeLoss,2025,20058000000,True,5090000000.0,False,,
WMT,NetIncomeLoss,2008,12731000000,False,,False,,
WMT,NetIncomeLoss,2009,13381000000,False,,False,,
WMT,NetIncomeLoss,2010,14370000000,True,4758000000.0,True,4758000000.0,True
WMT,NetIncomeLoss,2011,16389000000,True,6056000000.0,True,6056000000.0,True
WMT,NetIncomeLoss,2012,15699000000,True,5163000000.0,True,5163000000.0,True
WMT,NetIncomeLoss,2013,16999000000,True,5606000000.0,True,5606000000.0,True
WMT,NetIncomeLoss,2014,16022000000,True,4431000000.0,True,4431000000.0,True
WMT,NetIncomeLoss,2015,16363000000,True,4966000000.0,True,4966000000.0,True
WMT,NetIncomeLoss,2016,14694000000,True,4574000000.0,True,4574000000.0,True
WMT,NetIncomeLoss,2017,13643000000,True,3757000000.0,True,3757000000.0,True
WMT,NetIncomeLoss,2018,9862000000,True,2175000000.0,True,2175000000.0,True
WMT,NetIncomeLoss,2019,6670000000,True,3687000000.0,True,3687000000.0,True
WMT,NetIncomeLoss,2020,14881000000,True,4141000000.0,True,4141000000.0,True
WMT,NetIncomeLoss,2021,13510000000,True,-2091000000.0,False,,
WMT,NetIncomeLoss,2022,13673000000,True,3562000000.0,False,,
WMT,NetIncomeLoss,2023,11680000000,True,6275000000.0,False,,
WMT,NetIncomeLoss,2024,15511000000,True,5494000000.0,False,,
WMT,NetIncomeLoss,2025,19436000000,True,5254000000.0,False,,
WMT,NetIncomeLoss,2026,21893000000,True,4237000000.0,False,,
XOM,NetIncomeLoss,2007,40610000000,False,,False,,
XOM,NetIncomeLoss,2008,45220000000,False,,False,,
XOM,NetIncomeLoss,2009,19280000000,True,6050000000.0,False,,
XOM,NetIncomeLoss,2010,30460000000,True,9250000000.0,False,,
XOM,NetIncomeLoss,2011,41060000000,True,9400000000.0,False,,
XOM,NetIncomeLoss,2012,44880000000,True,9950000000.0,False,,
XOM,NetIncomeLoss,2013,32580000000,True,8350000000.0,False,,
XOM,NetIncomeLoss,2014,32520000000,True,6570000000.0,False,,
XOM,NetIncomeLoss,2015,16150000000,True,2780000000.0,False,,
XOM,NetIncomeLoss,2016,7840000000,True,1680000000.0,False,,
XOM,NetIncomeLoss,2017,19710000000,True,8380000000.0,False,,
XOM,NetIncomeLoss,2018,20840000000,True,6000000000.0,False,,
XOM,NetIncomeLoss,2019,14340000000,True,5690000000.0,False,,
XOM,NetIncomeLoss,2020,-22440000000,True,-20070000000.0,False,,
XOM,NetIncomeLoss,2021,23040000000,True,8870000000.0,False,,
XOM,NetIncomeLoss,2022,55740000000,True,12750000000.0,False,,
XOM,NetIncomeLoss,2023,36010000000,True,7630000000.0,False,,
XOM,NetIncomeLoss,2024,33680000000,True,7610000000.0,False,,
XOM,NetIncomeLoss,2025,28844000000,True,6501000000.0,False,,
AAPL,OperatingIncomeLoss,2007,4407000000,False,,False,,
AAPL,OperatingIncomeLoss,2008,8327000000,False,,False,,
AAPL,OperatingIncomeLoss,2009,11740000000,True,3684000000.0,False,,
AAPL,OperatingIncomeLoss,2010,18385000000,True,5447000000.0,False,,
AAPL,OperatingIncomeLoss,2011,33790000000,True,8710000000.0,False,,
AAPL,OperatingIncomeLoss,2012,55241000000,True,10944000000.0,False,,
AAPL,OperatingIncomeLoss,2013,48999000000,True,10030000000.0,False,,
AAPL,OperatingIncomeLoss,2014,52503000000,True,11165000000.0,False,,
AAPL,OperatingIncomeLoss,2015,71230000000,True,14623000000.0,False,,
AAPL,OperatingIncomeLoss,2016,60024000000,True,11761000000.0,False,,
AAPL,OperatingIncomeLoss,2017,61344000000,False,,False,,
AAPL,OperatingIncomeLoss,2018,70898000000,True,16118000000.0,False,,
AAPL,OperatingIncomeLoss,2019,63930000000,True,15625000000.0,False,,
AAPL,OperatingIncomeLoss,2020,66288000000,True,14775000000.0,False,,
AAPL,OperatingIncomeLoss,2021,108949000000,True,23786000000.0,False,,
AAPL,OperatingIncomeLoss,2022,119437000000,True,24894000000.0,False,,
AAPL,OperatingIncomeLoss,2023,114301000000,False,,False,,
AAPL,OperatingIncomeLoss,2024,123216000000,True,29591000000.0,False,,
AAPL,OperatingIncomeLoss,2025,133050000000,True,32427000000.0,False,,
ABBV,OperatingIncomeLoss,2011,3620000000,False,,False,,
ABBV,OperatingIncomeLoss,2012,5817000000,True,1821000000.0,False,,
ABBV,OperatingIncomeLoss,2013,5664000000,True,1535000000.0,False,,
ABBV,OperatingIncomeLoss,2014,3411000000,True,-415000000.0,False,,
ABBV,OperatingIncomeLoss,2015,7537000000,True,2113000000.0,False,,
ABBV,OperatingIncomeLoss,2016,9340000000,True,2314000000.0,False,,
ABBV,OperatingIncomeLoss,2017,9545000000,True,1782000000.0,False,,
ABBV,OperatingIncomeLoss,2018,6383000000,True,-2441000000.0,False,,
ABBV,OperatingIncomeLoss,2019,12983000000,True,3956000000.0,False,,
ABBV,OperatingIncomeLoss,2020,11363000000,True,3753000000.0,False,,
ABBV,OperatingIncomeLoss,2021,17924000000,True,5074000000.0,False,,
ABBV,OperatingIncomeLoss,2022,18117000000,True,5502000000.0,False,,
ABBV,OperatingIncomeLoss,2023,12757000000,True,3195000000.0,False,,
ABBV,OperatingIncomeLoss,2024,9137000000,True,-1490000000.0,False,,
ABBV,OperatingIncomeLoss,2025,15075000000,True,4544000000.0,False,,
AMAT,OperatingIncomeLoss,2007,2371506000,False,,False,,
AMAT,OperatingIncomeLoss,2008,1355431000,False,,False,,
AMAT,OperatingIncomeLoss,2009,-394000000,True,172558000.0,False,,
AMAT,OperatingIncomeLoss,2010,1384000000,False,,False,,
AMAT,OperatingIncomeLoss,2011,2398000000,False,,False,,
AMAT,OperatingIncomeLoss,2012,411000000,True,-499000000.0,False,,
AMAT,OperatingIncomeLoss,2013,432000000,True,211000000.0,False,,
AMAT,OperatingIncomeLoss,2014,1520000000,True,412000000.0,False,,
AMAT,OperatingIncomeLoss,2015,1693000000,True,423000000.0,False,,
AMAT,OperatingIncomeLoss,2016,2152000000,False,,False,,
AMAT,OperatingIncomeLoss,2017,3936000000,True,1166000000.0,False,,
AMAT,OperatingIncomeLoss,2018,4491000000,True,891000000.0,False,,
AMAT,OperatingIncomeLoss,2019,3350000000,True,864000000.0,False,,
AMAT,OperatingIncomeLoss,2020,4365000000,True,1283000000.0,False,,
AMAT,OperatingIncomeLoss,2021,6889000000,False,,False,,
AMAT,OperatingIncomeLoss,2022,7788000000,False,,False,,
AMAT,OperatingIncomeLoss,2023,7654000000,True,1971000000.0,False,,
AMAT,OperatingIncomeLoss,2024,7867000000,True,2046000000.0,False,,
AMAT,OperatingIncomeLoss,2025,8289000000,True,1712000000.0,False,,
AMD,OperatingIncomeLoss,2008,-1955000000,False,,False,,
AMD,OperatingIncomeLoss,2009,664000000,False,,False,,
AMD,OperatingIncomeLoss,2010,848000000,True,413000000.0,True,413000000.0,True
AMD,OperatingIncomeLoss,2011,368000000,False,,True,71000000.0,
AMD,OperatingIncomeLoss,2012,-1056000000,True,-422000000.0,True,-422000000.0,True
AMD,OperatingIncomeLoss,2013,103000000,True,135000000.0,True,135000000.0,True
AMD,OperatingIncomeLoss,2014,-155000000,True,-330000000.0,True,-330000000.0,True
AMD,OperatingIncomeLoss,2015,-481000000,True,-49000000.0,True,-49000000.0,True
AMD,OperatingIncomeLoss,2016,-373000000,True,-4000000.0,True,-3000000.0,True
AMD,OperatingIncomeLoss,2017,127000000,False,,True,-2000000.0,
AMD,OperatingIncomeLoss,2018,451000000,True,28000000.0,True,28000000.0,True
AMD,OperatingIncomeLoss,2019,631000000,True,348000000.0,True,348000000.0,True
AMD,OperatingIncomeLoss,2020,1369000000,True,570000000.0,True,570000000.0,True
AMD,OperatingIncomeLoss,2021,3648000000,True,1207000000.0,False,,
AMD,OperatingIncomeLoss,2022,1264000000,True,-149000000.0,False,,
AMD,OperatingIncomeLoss,2023,401000000,False,,False,,
AMD,OperatingIncomeLoss,2024,1900000000,True,871000000.0,False,,
AMD,OperatingIncomeLoss,2025,3694000000,True,1752000000.0,False,,
AMZN,OperatingIncomeLoss,2007,655000000,False,,False,,
AMZN,OperatingIncomeLoss,2008,842000000,False,,False,,
AMZN,OperatingIncomeLoss,2009,1129000000,True,475000000.0,False,,
AMZN,OperatingIncomeLoss,2010,1406000000,True,474000000.0,False,,
AMZN,OperatingIncomeLoss,2011,862000000,True,260000000.0,False,,
AMZN,OperatingIncomeLoss,2012,676000000,True,405000000.0,True,405000000.0,True
AMZN,OperatingIncomeLoss,2013,745000000,True,510000000.0,True,510000000.0,True
AMZN,OperatingIncomeLoss,2014,178000000,True,591000000.0,True,591000000.0,True
AMZN,OperatingIncomeLoss,2015,2233000000,True,1108000000.0,True,1108000000.0,True
AMZN,OperatingIncomeLoss,2016,4186000000,True,1255000000.0,True,1255000000.0,True
AMZN,OperatingIncomeLoss,2017,4106000000,True,2126000000.0,True,2127000000.0,True
AMZN,OperatingIncomeLoss,2018,12421000000,True,3787000000.0,True,3786000000.0,True
AMZN,OperatingIncomeLoss,2019,14541000000,True,3880000000.0,True,3879000000.0,True
AMZN,OperatingIncomeLoss,2020,22899000000,True,6873000000.0,True,6873000000.0,True
AMZN,OperatingIncomeLoss,2021,24879000000,True,3460000000.0,False,,
AMZN,OperatingIncomeLoss,2022,12248000000,True,2737000000.0,False,,
AMZN,OperatingIncomeLoss,2023,36852000000,True,13209000000.0,False,,
AMZN,OperatingIncomeLoss,2024,68593000000,True,21203000000.0,False,,
AMZN,OperatingIncomeLoss,2025,79975000000,True,24977000000.0,False,,
AVGO,OperatingIncomeLoss,2018,5135000000,True,1652000000.0,True,1652000000.0,True
AVGO,OperatingIncomeLoss,2019,3444000000,True,1054000000.0,True,1054000000.0,True
AVGO,OperatingIncomeLoss,2020,4014000000,True,1526000000.0,True,1526000000.0,True
AVGO,OperatingIncomeLoss,2024,13463000000,True,4627000000.0,False,,
AVGO,OperatingIncomeLoss,2025,25484000000,True,7508000000.0,False,,
CAT,OperatingIncomeLoss,2007,4921000000,False,,False,,
CAT,OperatingIncomeLoss,2008,4448000000,False,,False,,
CAT,OperatingIncomeLoss,2009,577000000,True,128000000.0,False,,
CAT,OperatingIncomeLoss,2010,3963000000,True,1291000000.0,False,,
CAT,OperatingIncomeLoss,2011,7153000000,True,1960000000.0,False,,
CAT,OperatingIncomeLoss,2012,8573000000,True,1038000000.0,False,,
CAT,OperatingIncomeLoss,2013,5628000000,True,1452000000.0,False,,
CAT,OperatingIncomeLoss,2014,3314000000,True,-951000000.0,False,,
CAT,OperatingIncomeLoss,2015,3785000000,True,-175000000.0,False,,
CAT,OperatingIncomeLoss,2016,1162000000,True,-598000000.0,False,,
CAT,OperatingIncomeLoss,2017,4460000000,True,1387000000.0,False,,
CAT,OperatingIncomeLoss,2018,8293000000,True,1883000000.0,False,,
CAT,OperatingIncomeLoss,2019,8290000000,True,1850000000.0,False,,
CAT,OperatingIncomeLoss,2020,4553000000,True,1380000000.0,False,,
CAT,OperatingIncomeLoss,2021,6878000000,True,1611000000.0,False,,
CAT,OperatingIncomeLoss,2022,7904000000,True,1680000000.0,False,,
CAT,OperatingIncomeLoss,2023,12966000000,True,3134000000.0,False,,
CAT,OperatingIncomeLoss,2024,13072000000,True,2924000000.0,False,,
CAT,OperatingIncomeLoss,2025,11151000000,True,2660000000.0,False,,
COST,OperatingIncomeLoss,2008,1969000000,False,,False,,
COST,OperatingIncomeLoss,2009,1777000000,True,598000000.0,True,598000000.0,True
COST,OperatingIncomeLoss,2010,2077000000,True,688000000.0,True,688000000.0,True
COST,OperatingIncomeLoss,2011,2439000000,True,762000000.0,True,762000000.0,True
COST,OperatingIncomeLoss,2014,3220000000,True,1091000000.0,True,1091000000.0,True
COST,OperatingIncomeLoss,2015,3624000000,True,1156000000.0,True,1156000000.0,True
COST,OperatingIncomeLoss,2016,3672000000,True,1191000000.0,True,1191000000.0,True
COST,OperatingIncomeLoss,2020,5435000000,True,1929000000.0,True,1929000000.0,True
COST,OperatingIncomeLoss,2021,6708000000,True,2275000000.0,False,,
COST,OperatingIncomeLoss,2022,7793000000,True,2497000000.0,False,,
COST,OperatingIncomeLoss,2025,10383000000,True,3341000000.0,False,,
CSCO,OperatingIncomeLoss,2008,9442000000,False,,False,,
CSCO,OperatingIncomeLoss,2009,7322000000,True,1460000000.0,False,,
CSCO,OperatingIncomeLoss,2010,9164000000,False,,False,,
CSCO,OperatingIncomeLoss,2011,7674000000,True,1456000000.0,False,,
CSCO,OperatingIncomeLoss,2012,10065000000,True,2371000000.0,False,,
CSCO,OperatingIncomeLoss,2013,11196000000,True,2814000000.0,False,,
CSCO,OperatingIncomeLoss,2014,9345000000,True,2681000000.0,False,,
CSCO,OperatingIncomeLoss,2015,10770000000,True,2881000000.0,False,,
CSCO,OperatingIncomeLoss,2016,12660000000,True,3303000000.0,True,3303000000.0,True
CSCO,OperatingIncomeLoss,2017,11973000000,True,3034000000.0,True,3034000000.0,True
CSCO,OperatingIncomeLoss,2018,12309000000,True,3346000000.0,True,3346000000.0,True
CSCO,OperatingIncomeLoss,2019,14219000000,True,3690000000.0,True,3690000000.0,True
CSCO,OperatingIncomeLoss,2020,13620000000,True,3247000000.0,True,3247000000.0,True
CSCO,OperatingIncomeLoss,2021,12833000000,False,,False,,
CSCO,OperatingIncomeLoss,2022,13969000000,True,3434000000.0,False,,
CSCO,OperatingIncomeLoss,2023,15031000000,True,4253000000.0,False,,
CSCO,OperatingIncomeLoss,2024,12181000000,True,2618000000.0,False,,
CSCO,OperatingIncomeLoss,2025,11760000000,True,3087000000.0,False,,
GE,OperatingIncomeLoss,2007,25614000000,False,,False,,
GE,OperatingIncomeLoss,2008,22200000000,False,,False,,
GE,OperatingIncomeLoss,2009,15616000000,False,,False,,
GE,OperatingIncomeLoss,2010,17246000000,False,,False,,
GE,OperatingIncomeLoss,2011,20571000000,True,5962000000.0,False,,
GE,OperatingIncomeLoss,2012,22887000000,True,6716000000.0,False,,
GOOGL,OperatingIncomeLoss,2013,15403000000,False,,False,,
GOOGL,OperatingIncomeLoss,2014,16496000000,False,,False,,
GOOGL,OperatingIncomeLoss,2015,19360000000,True,5380000000.0,False,,
GOOGL,OperatingIncomeLoss,2016,23716000000,True,6639000000.0,False,,
GOOGL,OperatingIncomeLoss,2017,26178000000,True,7696000000.0,False,,
GOOGL,OperatingIncomeLoss,2018,27524000000,True,8221000000.0,False,,
GOOGL,OperatingIncomeLoss,2019,34231000000,True,9266000000.0,False,,
GOOGL,OperatingIncomeLoss,2020,41224000000,True,15651000000.0,False,,
GOOGL,OperatingIncomeLoss,2021,78714000000,True,21885000000.0,False,,
GOOGL,OperatingIncomeLoss,2022,74842000000,True,18160000000.0,False,,
GOOGL,OperatingIncomeLoss,2023,84293000000,True,23697000000.0,False,,
GOOGL,OperatingIncomeLoss,2024,112390000000,True,30972000000.0,False,,
GOOGL,OperatingIncomeLoss,2025,129039000000,True,35934000000.0,False,,
HD,OperatingIncomeLoss,2008,7242000000,False,,False,,
HD,OperatingIncomeLoss,2009,4359000000,False,,False,,
HD,OperatingIncomeLoss,2013,7766000000,False,,False,,
HD,OperatingIncomeLoss,2014,9166000000,True,1761000000.0,False,,
HD,OperatingIncomeLoss,2015,10469000000,True,2191000000.0,False,,
HD,OperatingIncomeLoss,2019,15530000000,False,,False,,
HD,OperatingIncomeLoss,2020,15843000000,True,3403000000.0,False,,
HD,OperatingIncomeLoss,2025,21526000000,False,,False,,
HD,OperatingIncomeLoss,2026,20890000000,True,3849000000.0,False,,
JNJ,OperatingIncomeLoss,2012,14955000000,False,,False,,
JNJ,OperatingIncomeLoss,2013,16412000000,True,3038000000.0,False,,
JNJ,OperatingIncomeLoss,2014,21590000000,True,3011000000.0,False,,
KO,OperatingIncomeLoss,2007,7252000000,False,,False,,
KO,OperatingIncomeLoss,2008,8446000000,False,,False,,
KO,OperatingIncomeLoss,2009,8231000000,False,,False,,
KO,OperatingIncomeLoss,2010,8413000000,False,,False,,
KO,OperatingIncomeLoss,2011,10173000000,False,,False,,
KO,OperatingIncomeLoss,2012,10779000000,True,2183000000.0,False,,
KO,OperatingIncomeLoss,2013,10228000000,True,2105000000.0,False,,
KO,OperatingIncomeLoss,2014,9708000000,True,1451000000.0,False,,
KO,OperatingIncomeLoss,2015,8728000000,False,,False,,
KO,OperatingIncomeLoss,2016,8657000000,False,,False,,
KO,OperatingIncomeLoss,2017,7755000000,True,1510000000.0,False,,
KO,OperatingIncomeLoss,2018,9152000000,True,1961000000.0,False,,
KO,OperatingIncomeLoss,2019,10086000000,True,2164000000.0,False,,
KO,OperatingIncomeLoss,2020,8997000000,True,2338000000.0,False,,
KO,OperatingIncomeLoss,2021,10308000000,False,,False,,
KO,OperatingIncomeLoss,2022,10909000000,False,,False,,
KO,OperatingIncomeLoss,2023,11311000000,True,2273000000.0,False,,
KO,OperatingIncomeLoss,2024,9992000000,True,2709000000.0,False,,
KO,OperatingIncomeLoss,2025,13762000000,True,1841000000.0,False,,
LRCX,OperatingIncomeLoss,2009,-281243000,False,,False,,
LRCX,OperatingIncomeLoss,2010,425410000,True,155717000.0,False,,
LRCX,OperatingIncomeLoss,2011,804285000,True,142191000.0,False,,
LRCX,OperatingIncomeLoss,2012,237733000,True,32670000.0,False,,
LRCX,OperatingIncomeLoss,2013,118071000,True,86498000.0,False,,
LRCX,OperatingIncomeLoss,2014,677669000,True,215850000.0,False,,
LRCX,OperatingIncomeLoss,2015,788039000,True,191035000.0,False,,
LRCX,OperatingIncomeLoss,2016,1074256000,True,309241000.0,False,,
LRCX,OperatingIncomeLoss,2017,1902132000,True,607939000.0,False,,
LRCX,OperatingIncomeLoss,2018,3213299000,True,955195000.0,False,,
LRCX,OperatingIncomeLoss,2019,2464732000,True,617085000.0,False,,
LRCX,OperatingIncomeLoss,2020,2673802000,True,755722000.0,False,,
LRCX,OperatingIncomeLoss,2021,4482023000,True,1315927000.0,False,,
LRCX,OperatingIncomeLoss,2022,5381822000,True,1479353000.0,False,,
LRCX,OperatingIncomeLoss,2023,5174860000,True,854605000.0,False,,
LRCX,OperatingIncomeLoss,2024,4263913000,True,1126560000.0,False,,
LRCX,OperatingIncomeLoss,2025,5900968000,True,1741128000.0,False,,
MA,OperatingIncomeLoss,2007,1108112000,False,,False,,
MA,OperatingIncomeLoss,2008,-534000000,False,,False,,
MA,OperatingIncomeLoss,2009,2260000000,True,469000000.0,True,469000000.0,True
MA,OperatingIncomeLoss,2010,2752000000,True,569000000.0,True,569000000.0,True
MA,OperatingIncomeLoss,2011,2713000000,True,-10000000.0,True,-10000000.0,True
MA,OperatingIncomeLoss,2012,3937000000,True,899000000.0,True,899000000.0,True
MA,OperatingIncomeLoss,2013,4503000000,True,920000000.0,True,920000000.0,True
MA,OperatingIncomeLoss,2014,5106000000,True,1018000000.0,True,1018000000.0,True
MA,OperatingIncomeLoss,2015,5078000000,True,1107000000.0,True,1107000000.0,True
MA,OperatingIncomeLoss,2016,5761000000,True,1363000000.0,True,1363000000.0,True
MA,OperatingIncomeLoss,2017,6622000000,True,1522000000.0,True,1522000000.0,True
MA,OperatingIncomeLoss,2018,7282000000,True,1234000000.0,True,1234000000.0,True
MA,OperatingIncomeLoss,2019,9664000000,True,2399000000.0,True,2399000000.0,True
MA,OperatingIncomeLoss,2020,8081000000,True,2058000000.0,False,,
MA,OperatingIncomeLoss,2021,10082000000,True,2827000000.0,False,,
MA,OperatingIncomeLoss,2022,12264000000,True,3184000000.0,False,,
MA,OperatingIncomeLoss,2023,14008000000,True,3372000000.0,False,,
MA,OperatingIncomeLoss,2024,15582000000,True,3938000000.0,False,,
MA,OperatingIncomeLoss,2025,18897000000,True,4910000000.0,False,,
META,OperatingIncomeLoss,2010,1032000000,False,,False,,
META,OperatingIncomeLoss,2011,1756000000,False,,False,,
META,OperatingIncomeLoss,2012,538000000,True,523000000.0,False,,
META,OperatingIncomeLoss,2013,2804000000,True,1133000000.0,False,,
META,OperatingIncomeLoss,2014,4994000000,True,1132000000.0,False,,
META,OperatingIncomeLoss,2015,6225000000,True,2560000000.0,False,,
META,OperatingIncomeLoss,2016,12427000000,True,4566000000.0,False,,
META,OperatingIncomeLoss,2017,20203000000,True,7353000000.0,False,,
META,OperatingIncomeLoss,2018,24913000000,True,7820000000.0,False,,
META,OperatingIncomeLoss,2019,23986000000,True,8858000000.0,False,,
META,OperatingIncomeLoss,2020,32671000000,True,12775000000.0,False,,
META,OperatingIncomeLoss,2021,46753000000,True,12585000000.0,False,,
META,OperatingIncomeLoss,2022,28944000000,True,6398000000.0,False,,
META,OperatingIncomeLoss,2023,46751000000,True,16384000000.0,False,,
META,OperatingIncomeLoss,2024,69380000000,True,23365000000.0,False,,
META,OperatingIncomeLoss,2025,83276000000,True,24745000000.0,False,,
MSFT,OperatingIncomeLoss,2008,22271000000,False,,True,5939000000.0,
MSFT,OperatingIncomeLoss,2009,20363000000,False,,True,8513000000.0,
MSFT,OperatingIncomeLoss,2010,24098000000,False,,True,8165000000.0,
MSFT,OperatingIncomeLoss,2011,27161000000,False,,True,7994000000.0,
MSFT,OperatingIncomeLoss,2012,21763000000,False,,True,7771000000.0,
MSFT,OperatingIncomeLoss,2013,26764000000,False,,True,7969000000.0,
MSFT,OperatingIncomeLoss,2014,27759000000,True,8459000000.0,True,7776000000.0,False
MSFT,OperatingIncomeLoss,2015,18161000000,True,7827000000.0,True,6026000000.0,False
MSFT,OperatingIncomeLoss,2016,26078000000,True,11000000000.0,True,7905000000.0,False
MSFT,OperatingIncomeLoss,2017,29025000000,True,6912000000.0,True,8679000000.0,False
MSFT,OperatingIncomeLoss,2018,35058000000,True,6432000000.0,True,10258000000.0,False
MSFT,OperatingIncomeLoss,2019,42959000000,True,7527000000.0,True,13891000000.0,False
MSFT,OperatingIncomeLoss,2020,52959000000,True,10701000000.0,True,17897000000.0,False
MSFT,OperatingIncomeLoss,2021,69916000000,False,,True,22247000000.0,
MSFT,OperatingIncomeLoss,2022,83383000000,False,,True,20399000000.0,
MSFT,OperatingIncomeLoss,2023,88523000000,False,,True,27032000000.0,
MSFT,OperatingIncomeLoss,2024,109433000000,False,,True,31653000000.0,
MSFT,OperatingIncomeLoss,2025,128528000000,False,,True,38275000000.0,
MU,OperatingIncomeLoss,2009,-1676000000,False,,False,,
MU,OperatingIncomeLoss,2010,1589000000,True,433000000.0,True,433000000.0,True
MU,OperatingIncomeLoss,2011,761000000,True,-45000000.0,True,-51000000.0,True
MU,OperatingIncomeLoss,2015,2998000000,True,427000000.0,True,427000000.0,True
MU,OperatingIncomeLoss,2016,168000000,True,-32000000.0,True,-32000000.0,True
MU,OperatingIncomeLoss,2020,3003000000,False,,True,1157000000.0,
MU,OperatingIncomeLoss,2021,6283000000,True,2955000000.0,False,,
MU,OperatingIncomeLoss,2022,9702000000,True,1521000000.0,False,,
NFLX,OperatingIncomeLoss,2007,91773000,False,,False,,
NFLX,OperatingIncomeLoss,2008,121506000,False,,False,,
NFLX,OperatingIncomeLoss,2009,191939000,True,53349000.0,False,,
NFLX,OperatingIncomeLoss,2010,283641000,True,78453000.0,False,,
NFLX,OperatingIncomeLoss,2011,376068000,True,61872000.0,True,61872000.0,True
NFLX,OperatingIncomeLoss,2012,49992000,True,19638000.0,False,,
NFLX,OperatingIncomeLoss,2013,228347000,True,82288000.0,False,,
NFLX,OperatingIncomeLoss,2014,402648000,True,65046000.0,False,,
NFLX,OperatingIncomeLoss,2015,305826000,True,59894000.0,False,,
NFLX,OperatingIncomeLoss,2016,379793000,True,153934000.0,True,153934000.0,True
NFLX,OperatingIncomeLoss,2017,838679000,True,245303000.0,True,245303000.0,True
NFLX,OperatingIncomeLoss,2018,1605226000,True,215767000.0,False,,
NFLX,OperatingIncomeLoss,2019,2604254000,True,458512000.0,False,,
NFLX,OperatingIncomeLoss,2020,4585289000,True,954242000.0,False,,
NFLX,OperatingIncomeLoss,2021,6194509000,True,631770000.0,False,,
NFLX,OperatingIncomeLoss,2022,5632831000,True,549904000.0,False,,
NFLX,OperatingIncomeLoss,2023,6954003000,True,1496109000.0,False,,
NFLX,OperatingIncomeLoss,2024,10417614000,True,2272766000.0,False,,
NFLX,OperatingIncomeLoss,2025,13326603000,True,2956663000.0,False,,
NVDA,OperatingIncomeLoss,2008,836346000,False,,False,,
NVDA,OperatingIncomeLoss,2009,-70700000,False,,False,,
NVDA,OperatingIncomeLoss,2010,-98945000,True,134282000.0,False,,
NVDA,OperatingIncomeLoss,2011,255747000,False,,False,,
NVDA,OperatingIncomeLoss,2012,648299000,False,,False,,
NVDA,OperatingIncomeLoss,2013,648239000,True,183573000.0,False,,
NVDA,OperatingIncomeLoss,2014,496000000,True,166697000.0,False,,
NVDA,OperatingIncomeLoss,2015,759000000,True,232000000.0,False,,
NVDA,OperatingIncomeLoss,2016,747000000,True,250000000.0,False,,
NVDA,OperatingIncomeLoss,2017,1934000000,False,,False,,
NVDA,OperatingIncomeLoss,2018,3210000000,True,1073000000.0,False,,
NVDA,OperatingIncomeLoss,2019,3804000000,True,294000000.0,False,,
NVDA,OperatingIncomeLoss,2020,2846000000,True,990000000.0,False,,
NVDA,OperatingIncomeLoss,2021,4532000000,True,1507000000.0,False,,
NVDA,OperatingIncomeLoss,2022,10041000000,False,,False,,
NVDA,OperatingIncomeLoss,2023,4224000000,False,,False,,
NVDA,OperatingIncomeLoss,2024,32972000000,True,13615000000.0,False,,
NVDA,OperatingIncomeLoss,2025,81453000000,True,24033000000.0,False,,
NVDA,OperatingIncomeLoss,2026,130387000000,True,44299000000.0,False,,
ORCL,OperatingIncomeLoss,2008,7844000000,False,,False,,
ORCL,OperatingIncomeLoss,2009,8321000000,True,2885000000.0,False,,
ORCL,OperatingIncomeLoss,2010,9062000000,True,3301000000.0,False,,
ORCL,OperatingIncomeLoss,2011,12033000000,True,4359000000.0,False,,
ORCL,OperatingIncomeLoss,2012,13706000000,True,4595000000.0,False,,
ORCL,OperatingIncomeLoss,2013,14684000000,True,5000000000.0,False,,
ORCL,OperatingIncomeLoss,2014,14759000000,True,4909000000.0,False,,
ORCL,OperatingIncomeLoss,2015,13871000000,True,3983000000.0,False,,
ORCL,OperatingIncomeLoss,2016,12604000000,True,3968000000.0,False,,
ORCL,OperatingIncomeLoss,2017,12913000000,True,4276000000.0,False,,
ORCL,OperatingIncomeLoss,2018,13264000000,True,4161000000.0,False,,
ORCL,OperatingIncomeLoss,2019,13535000000,True,4257000000.0,False,,
ORCL,OperatingIncomeLoss,2020,13896000000,True,4308000000.0,False,,
ORCL,OperatingIncomeLoss,2021,15213000000,True,4541000000.0,False,,
ORCL,OperatingIncomeLoss,2022,10926000000,True,4501000000.0,False,,
ORCL,OperatingIncomeLoss,2023,13093000000,True,4139000000.0,False,,
ORCL,OperatingIncomeLoss,2024,15353000000,True,4685000000.0,False,,
ORCL,OperatingIncomeLoss,2025,17678000000,True,5109000000.0,False,,
PG,OperatingIncomeLoss,2008,15979000000,False,,False,,
PG,OperatingIncomeLoss,2009,15374000000,True,3380000000.0,True,3380000000.0,True
PG,OperatingIncomeLoss,2010,15732000000,True,2661000000.0,True,2950000000.0,False
PG,OperatingIncomeLoss,2011,15495000000,True,3179000000.0,True,3179000000.0,True
PG,OperatingIncomeLoss,2012,13035000000,True,2806000000.0,True,3063000000.0,False
PG,OperatingIncomeLoss,2013,13817000000,True,2138000000.0,True,2651000000.0,False
PG,OperatingIncomeLoss,2014,13910000000,True,3020000000.0,True,3020000000.0,True
PG,OperatingIncomeLoss,2015,11049000000,True,812000000.0,True,812000000.0,True
PG,OperatingIncomeLoss,2016,13441000000,True,2502000000.0,True,2502000000.0,True
PG,OperatingIncomeLoss,2017,13766000000,True,2900000000.0,True,2900000000.0,True
PG,OperatingIncomeLoss,2018,13363000000,True,2587000000.0,True,2587000000.0,True
PG,OperatingIncomeLoss,2019,5487000000,True,-5192000000.0,True,-5192000000.0,True
PG,OperatingIncomeLoss,2020,15706000000,True,3481000000.0,True,3481000000.0,True
PG,OperatingIncomeLoss,2021,17986000000,True,3540000000.0,False,,
PG,OperatingIncomeLoss,2022,17813000000,True,3598000000.0,False,,
PG,OperatingIncomeLoss,2023,18134000000,True,4162000000.0,False,,
PG,OperatingIncomeLoss,2024,18545000000,True,3885000000.0,False,,
PG,OperatingIncomeLoss,2025,20451000000,True,4355000000.0,False,,
PLTR,OperatingIncomeLoss,2018,-623440000,False,,False,,
PLTR,OperatingIncomeLoss,2019,-576444000,False,,False,,
PLTR,OperatingIncomeLoss,2020,-1173679000,True,-156572000.0,False,,
PLTR,OperatingIncomeLoss,2021,-411046000,True,-58943000.0,False,,
PLTR,OperatingIncomeLoss,2022,-161201000,True,-17826000.0,False,,
PLTR,OperatingIncomeLoss,2023,119966000,True,65794000.0,False,,
PLTR,OperatingIncomeLoss,2024,310403000,True,11043000.0,False,,
PLTR,OperatingIncomeLoss,2025,1414015000,True,575394000.0,False,,
TSLA,OperatingIncomeLoss,2009,-51897000,False,,False,,
TSLA,OperatingIncomeLoss,2010,-146838000,False,,False,,
TSLA,OperatingIncomeLoss,2011,-251488000,True,-80926000.0,False,,
TSLA,OperatingIncomeLoss,2012,-394283000,True,-90885000.0,False,,
TSLA,OperatingIncomeLoss,2013,-61283000,True,-13353000.0,False,,
TSLA,OperatingIncomeLoss,2014,-186689000,True,-74840000.0,False,,
TSLA,OperatingIncomeLoss,2015,-716629000,True,-260333000.0,False,,
TSLA,OperatingIncomeLoss,2016,-667340000,True,-266698000.0,False,,
TSLA,OperatingIncomeLoss,2017,-1632000000,True,-598055000.0,False,,
TSLA,OperatingIncomeLoss,2018,-388000000,True,414366000.0,False,,
TSLA,OperatingIncomeLoss,2019,-69000000,True,359000000.0,False,,
TSLA,OperatingIncomeLoss,2020,1994000000,True,575000000.0,False,,
TSLA,OperatingIncomeLoss,2021,6523000000,True,2613000000.0,False,,
TSLA,OperatingIncomeLoss,2022,13656000000,True,3901000000.0,False,,
TSLA,OperatingIncomeLoss,2023,8891000000,True,2064000000.0,False,,
TSLA,OperatingIncomeLoss,2024,7076000000,True,1583000000.0,False,,
TSLA,OperatingIncomeLoss,2025,4355000000,True,1409000000.0,False,,
V,OperatingIncomeLoss,2007,-1449000000,False,,False,,
V,OperatingIncomeLoss,2008,1232000000,False,,False,,
V,OperatingIncomeLoss,2009,3538000000,True,869000000.0,False,,
V,OperatingIncomeLoss,2010,4589000000,True,1113000000.0,True,1113000000.0,True
V,OperatingIncomeLoss,2011,5456000000,True,1362000000.0,True,1362000000.0,True
V,OperatingIncomeLoss,2012,2139000000,True,1522000000.0,False,,
V,OperatingIncomeLoss,2013,7239000000,True,1751000000.0,False,,
V,OperatingIncomeLoss,2014,7697000000,True,1552000000.0,False,,
V,OperatingIncomeLoss,2015,9064000000,True,2283000000.0,False,,
V,OperatingIncomeLoss,2016,7883000000,True,2625000000.0,False,,
V,OperatingIncomeLoss,2017,12144000000,True,3212000000.0,False,,
V,OperatingIncomeLoss,2018,12954000000,True,3406000000.0,False,,
V,OperatingIncomeLoss,2019,15001000000,True,3735000000.0,False,,
V,OperatingIncomeLoss,2020,14081000000,True,3142000000.0,False,,
V,OperatingIncomeLoss,2021,15804000000,True,4315000000.0,False,,
V,OperatingIncomeLoss,2022,18813000000,True,5087000000.0,False,,
V,OperatingIncomeLoss,2023,21000000000,True,5550000000.0,False,,
V,OperatingIncomeLoss,2024,23595000000,True,6349000000.0,False,,
V,OperatingIncomeLoss,2025,23994000000,True,6148000000.0,False,,
WMT,OperatingIncomeLoss,2008,21952000000,False,,False,,
WMT,OperatingIncomeLoss,2009,22767000000,False,,False,,
WMT,OperatingIncomeLoss,2010,24002000000,True,7414000000.0,False,,
WMT,OperatingIncomeLoss,2011,25542000000,True,8004000000.0,False,,
WMT,OperatingIncomeLoss,2012,26491000000,True,8334000000.0,False,,
WMT,OperatingIncomeLoss,2013,27725000000,True,8547000000.0,False,,
WMT,OperatingIncomeLoss,2014,26872000000,True,7347000000.0,False,,
WMT,OperatingIncomeLoss,2015,27147000000,True,7949000000.0,False,,
WMT,OperatingIncomeLoss,2016,24105000000,True,6642000000.0,False,,
WMT,OperatingIncomeLoss,2017,22764000000,True,6205000000.0,False,,
WMT,OperatingIncomeLoss,2018,20437000000,True,4467000000.0,False,,
WMT,OperatingIncomeLoss,2019,21957000000,True,6067000000.0,False,,
WMT,OperatingIncomeLoss,2020,20568000000,True,5322000000.0,False,,
WMT,OperatingIncomeLoss,2021,22548000000,True,5487000000.0,False,,
WMT,OperatingIncomeLoss,2022,25942000000,True,5887000000.0,False,,
WMT,OperatingIncomeLoss,2023,20428000000,True,5561000000.0,False,,
WMT,OperatingIncomeLoss,2024,27012000000,True,7254000000.0,False,,
WMT,OperatingIncomeLoss,2025,29348000000,True,7859000000.0,False,,
WMT,OperatingIncomeLoss,2026,29825000000,True,8708000000.0,False,,
AAPL,NetCashProvidedByUsedInOperatingActivities,2007,5470000000,False,,False,,
AAPL,NetCashProvidedByUsedInOperatingActivities,2008,9596000000,False,,False,,
AAPL,NetCashProvidedByUsedInOperatingActivities,2009,10159000000,False,,False,,
AAPL,NetCashProvidedByUsedInOperatingActivities,2010,18595000000,False,,False,,
AAPL,NetCashProvidedByUsedInOperatingActivities,2011,37529000000,False,,False,,
AAPL,NetCashProvidedByUsedInOperatingActivities,2012,50856000000,False,,False,,
AAPL,NetCashProvidedByUsedInOperatingActivities,2013,53666000000,False,,False,,
AAPL,NetCashProvidedByUsedInOperatingActivities,2015,81266000000,False,,False,,
AAPL,NetCashProvidedByUsedInOperatingActivities,2016,66231000000,False,,False,,
AAPL,NetCashProvidedByUsedInOperatingActivities,2017,64225000000,False,,False,,
AAPL,NetCashProvidedByUsedInOperatingActivities,2018,77434000000,False,,False,,
AAPL,NetCashProvidedByUsedInOperatingActivities,2019,69391000000,False,,False,,
AAPL,NetCashProvidedByUsedInOperatingActivities,2020,80674000000,False,,False,,
AAPL,NetCashProvidedByUsedInOperatingActivities,2021,104038000000,False,,False,,
AAPL,NetCashProvidedByUsedInOperatingActivities,2022,122151000000,False,,False,,
AAPL,NetCashProvidedByUsedInOperatingActivities,2023,110543000000,False,,False,,
AAPL,NetCashProvidedByUsedInOperatingActivities,2024,118254000000,False,,False,,
AAPL,NetCashProvidedByUsedInOperatingActivities,2025,111482000000,False,,False,,
ABBV,NetCashProvidedByUsedInOperatingActivities,2017,9960000000,False,,False,,
ABBV,NetCashProvidedByUsedInOperatingActivities,2018,13427000000,False,,False,,
ABBV,NetCashProvidedByUsedInOperatingActivities,2019,13324000000,False,,False,,
ABBV,NetCashProvidedByUsedInOperatingActivities,2020,17588000000,False,,False,,
ABBV,NetCashProvidedByUsedInOperatingActivities,2021,22777000000,False,,False,,
ABBV,NetCashProvidedByUsedInOperatingActivities,2022,24943000000,False,,False,,
ABBV,NetCashProvidedByUsedInOperatingActivities,2023,22839000000,False,,False,,
ABBV,NetCashProvidedByUsedInOperatingActivities,2024,18806000000,False,,False,,
ABBV,NetCashProvidedByUsedInOperatingActivities,2025,19030000000,False,,False,,
AMAT,NetCashProvidedByUsedInOperatingActivities,2007,2209296000,False,,False,,
AMAT,NetCashProvidedByUsedInOperatingActivities,2008,1710468000,False,,False,,
AMAT,NetCashProvidedByUsedInOperatingActivities,2009,333000000,False,,False,,
AMAT,NetCashProvidedByUsedInOperatingActivities,2010,1723000000,False,,False,,
AMAT,NetCashProvidedByUsedInOperatingActivities,2011,2429000000,False,,False,,
AMAT,NetCashProvidedByUsedInOperatingActivities,2012,1851000000,False,,False,,
AMAT,NetCashProvidedByUsedInOperatingActivities,2013,623000000,False,,False,,
AMAT,NetCashProvidedByUsedInOperatingActivities,2014,1800000000,False,,False,,
AMAT,NetCashProvidedByUsedInOperatingActivities,2015,1163000000,False,,False,,
AMAT,NetCashProvidedByUsedInOperatingActivities,2016,2566000000,False,,False,,
AMAT,NetCashProvidedByUsedInOperatingActivities,2017,3789000000,False,,False,,
AMAT,NetCashProvidedByUsedInOperatingActivities,2018,3787000000,False,,False,,
AMAT,NetCashProvidedByUsedInOperatingActivities,2019,3247000000,False,,False,,
AMAT,NetCashProvidedByUsedInOperatingActivities,2020,3804000000,False,,False,,
AMAT,NetCashProvidedByUsedInOperatingActivities,2021,5442000000,False,,False,,
AMAT,NetCashProvidedByUsedInOperatingActivities,2022,5399000000,False,,False,,
AMAT,NetCashProvidedByUsedInOperatingActivities,2023,8700000000,False,,False,,
AMAT,NetCashProvidedByUsedInOperatingActivities,2024,8677000000,False,,False,,
AMAT,NetCashProvidedByUsedInOperatingActivities,2025,7958000000,False,,False,,
AMD,NetCashProvidedByUsedInOperatingActivities,2008,-692000000,False,,False,,
AMD,NetCashProvidedByUsedInOperatingActivities,2009,473000000,False,,False,,
AMD,NetCashProvidedByUsedInOperatingActivities,2010,-412000000,False,,False,,
AMD,NetCashProvidedByUsedInOperatingActivities,2011,382000000,False,,False,,
AMD,NetCashProvidedByUsedInOperatingActivities,2012,-338000000,False,,False,,
AMD,NetCashProvidedByUsedInOperatingActivities,2013,-148000000,False,,False,,
AMD,NetCashProvidedByUsedInOperatingActivities,2014,-98000000,False,,False,,
AMD,NetCashProvidedByUsedInOperatingActivities,2015,-226000000,False,,False,,
AMD,NetCashProvidedByUsedInOperatingActivities,2016,81000000,False,,False,,
AMD,NetCashProvidedByUsedInOperatingActivities,2017,12000000,False,,False,,
AMD,NetCashProvidedByUsedInOperatingActivities,2018,34000000,False,,False,,
AMD,NetCashProvidedByUsedInOperatingActivities,2019,493000000,False,,False,,
AMD,NetCashProvidedByUsedInOperatingActivities,2020,1071000000,False,,False,,
AMD,NetCashProvidedByUsedInOperatingActivities,2021,3521000000,False,,False,,
AMD,NetCashProvidedByUsedInOperatingActivities,2022,3565000000,False,,False,,
AMD,NetCashProvidedByUsedInOperatingActivities,2023,1667000000,False,,False,,
AMD,NetCashProvidedByUsedInOperatingActivities,2024,3041000000,False,,False,,
AMD,NetCashProvidedByUsedInOperatingActivities,2025,7709000000,False,,False,,
AMZN,NetCashProvidedByUsedInOperatingActivities,2007,1405000000,False,,False,,
AMZN,NetCashProvidedByUsedInOperatingActivities,2008,1697000000,False,,False,,
AMZN,NetCashProvidedByUsedInOperatingActivities,2009,3293000000,True,2611000000.0,False,,
AMZN,NetCashProvidedByUsedInOperatingActivities,2010,3495000000,True,3488000000.0,False,,
AMZN,NetCashProvidedByUsedInOperatingActivities,2011,3903000000,True,4269000000.0,False,,
AMZN,NetCashProvidedByUsedInOperatingActivities,2012,4180000000,True,5081000000.0,False,,
AMZN,NetCashProvidedByUsedInOperatingActivities,2013,5475000000,True,5579000000.0,False,,
AMZN,NetCashProvidedByUsedInOperatingActivities,2014,6842000000,True,6716000000.0,False,,
AMZN,NetCashProvidedByUsedInOperatingActivities,2015,12039000000,True,8931000000.0,False,,
AMZN,NetCashProvidedByUsedInOperatingActivities,2016,17203000000,True,10919000000.0,False,,
AMZN,NetCashProvidedByUsedInOperatingActivities,2017,18365000000,True,12357000000.0,False,,
AMZN,NetCashProvidedByUsedInOperatingActivities,2018,30723000000,True,16477000000.0,False,,
AMZN,NetCashProvidedByUsedInOperatingActivities,2019,38514000000,True,19658000000.0,False,,
AMZN,NetCashProvidedByUsedInOperatingActivities,2020,66064000000,True,30430000000.0,False,,
AMZN,NetCashProvidedByUsedInOperatingActivities,2021,46327000000,True,22086000000.0,False,,
AMZN,NetCashProvidedByUsedInOperatingActivities,2022,46752000000,True,29173000000.0,False,,
AMZN,NetCashProvidedByUsedInOperatingActivities,2023,84946000000,True,42465000000.0,False,,
AMZN,NetCashProvidedByUsedInOperatingActivities,2024,115877000000,True,45636000000.0,False,,
AMZN,NetCashProvidedByUsedInOperatingActivities,2025,139514000000,True,54459000000.0,False,,
AVGO,NetCashProvidedByUsedInOperatingActivities,2018,8880000000,False,,False,,
AVGO,NetCashProvidedByUsedInOperatingActivities,2019,9697000000,False,,False,,
AVGO,NetCashProvidedByUsedInOperatingActivities,2020,12061000000,False,,False,,
AVGO,NetCashProvidedByUsedInOperatingActivities,2024,19962000000,False,,False,,
AVGO,NetCashProvidedByUsedInOperatingActivities,2025,27537000000,False,,False,,
CAT,NetCashProvidedByUsedInOperatingActivities,2007,7955000000,False,,False,,
CAT,NetCashProvidedByUsedInOperatingActivities,2008,4672000000,False,,False,,
CAT,NetCashProvidedByUsedInOperatingActivities,2009,6343000000,False,,False,,
CAT,NetCashProvidedByUsedInOperatingActivities,2010,5009000000,False,,False,,
CAT,NetCashProvidedByUsedInOperatingActivities,2017,5706000000,False,,False,,
CAT,NetCashProvidedByUsedInOperatingActivities,2018,6558000000,False,,False,,
CAT,NetCashProvidedByUsedInOperatingActivities,2019,6912000000,False,,False,,
CAT,NetCashProvidedByUsedInOperatingActivities,2020,6327000000,False,,False,,
CAT,NetCashProvidedByUsedInOperatingActivities,2021,7198000000,False,,False,,
CAT,NetCashProvidedByUsedInOperatingActivities,2022,7766000000,False,,False,,
CAT,NetCashProvidedByUsedInOperatingActivities,2023,12885000000,False,,False,,
CAT,NetCashProvidedByUsedInOperatingActivities,2024,12035000000,False,,False,,
CAT,NetCashProvidedByUsedInOperatingActivities,2025,11739000000,False,,False,,
COST,NetCashProvidedByUsedInOperatingActivities,2008,2206000000,False,,False,,
COST,NetCashProvidedByUsedInOperatingActivities,2009,2092000000,False,,False,,
COST,NetCashProvidedByUsedInOperatingActivities,2010,2780000000,False,,False,,
COST,NetCashProvidedByUsedInOperatingActivities,2011,3198000000,False,,False,,
COST,NetCashProvidedByUsedInOperatingActivities,2014,3984000000,False,,False,,
COST,NetCashProvidedByUsedInOperatingActivities,2020,8861000000,False,,False,,
COST,NetCashProvidedByUsedInOperatingActivities,2021,8958000000,False,,False,,
COST,NetCashProvidedByUsedInOperatingActivities,2022,7392000000,False,,False,,
COST,NetCashProvidedByUsedInOperatingActivities,2025,13335000000,False,,False,,
CSCO,NetCashProvidedByUsedInOperatingActivities,2008,12089000000,False,,False,,
CSCO,NetCashProvidedByUsedInOperatingActivities,2009,9897000000,False,,False,,
CSCO,NetCashProvidedByUsedInOperatingActivities,2010,10173000000,False,,False,,
CSCO,NetCashProvidedByUsedInOperatingActivities,2011,10079000000,False,,False,,
CSCO,NetCashProvidedByUsedInOperatingActivities,2012,11491000000,False,,False,,
CSCO,NetCashProvidedByUsedInOperatingActivities,2013,12894000000,False,,False,,
CSCO,NetCashProvidedByUsedInOperatingActivities,2016,13570000000,False,,False,,
CSCO,NetCashProvidedByUsedInOperatingActivities,2017,13876000000,False,,False,,
CSCO,NetCashProvidedByUsedInOperatingActivities,2018,13666000000,False,,False,,
CSCO,NetCashProvidedByUsedInOperatingActivities,2019,15831000000,False,,False,,
CSCO,NetCashProvidedByUsedInOperatingActivities,2020,15426000000,False,,False,,
CSCO,NetCashProvidedByUsedInOperatingActivities,2021,15454000000,False,,False,,
CSCO,NetCashProvidedByUsedInOperatingActivities,2022,13226000000,False,,False,,
CSCO,NetCashProvidedByUsedInOperatingActivities,2023,19886000000,False,,False,,
CSCO,NetCashProvidedByUsedInOperatingActivities,2024,10880000000,False,,False,,
CSCO,NetCashProvidedByUsedInOperatingActivities,2025,14193000000,False,,False,,
CVX,NetCashProvidedByUsedInOperatingActivities,2007,24977000000,False,,False,,
CVX,NetCashProvidedByUsedInOperatingActivities,2008,29632000000,False,,False,,
CVX,NetCashProvidedByUsedInOperatingActivities,2009,19373000000,False,,False,,
CVX,NetCashProvidedByUsedInOperatingActivities,2010,31354000000,False,,False,,
CVX,NetCashProvidedByUsedInOperatingActivities,2011,41095000000,False,,False,,
CVX,NetCashProvidedByUsedInOperatingActivities,2012,38812000000,False,,False,,
CVX,NetCashProvidedByUsedInOperatingActivities,2013,35002000000,False,,False,,
CVX,NetCashProvidedByUsedInOperatingActivities,2014,31475000000,False,,False,,
CVX,NetCashProvidedByUsedInOperatingActivities,2015,19456000000,False,,False,,
CVX,NetCashProvidedByUsedInOperatingActivities,2016,12690000000,False,,False,,
CVX,NetCashProvidedByUsedInOperatingActivities,2017,20338000000,False,,False,,
CVX,NetCashProvidedByUsedInOperatingActivities,2018,30618000000,False,,False,,
CVX,NetCashProvidedByUsedInOperatingActivities,2019,27314000000,False,,False,,
CVX,NetCashProvidedByUsedInOperatingActivities,2020,10577000000,False,,False,,
CVX,NetCashProvidedByUsedInOperatingActivities,2021,29187000000,False,,False,,
CVX,NetCashProvidedByUsedInOperatingActivities,2022,49602000000,False,,False,,
CVX,NetCashProvidedByUsedInOperatingActivities,2023,35609000000,False,,False,,
CVX,NetCashProvidedByUsedInOperatingActivities,2024,31492000000,False,,False,,
CVX,NetCashProvidedByUsedInOperatingActivities,2025,33939000000,False,,False,,
GE,NetCashProvidedByUsedInOperatingActivities,2007,43322000000,False,,False,,
GE,NetCashProvidedByUsedInOperatingActivities,2008,48653000000,False,,False,,
GE,NetCashProvidedByUsedInOperatingActivities,2009,24417000000,False,,False,,
GE,NetCashProvidedByUsedInOperatingActivities,2010,36124000000,False,,False,,
GE,NetCashProvidedByUsedInOperatingActivities,2011,33359000000,False,,False,,
GE,NetCashProvidedByUsedInOperatingActivities,2012,31331000000,False,,False,,
GE,NetCashProvidedByUsedInOperatingActivities,2013,28510000000,False,,False,,
GE,NetCashProvidedByUsedInOperatingActivities,2014,27709000000,False,,False,,
GE,NetCashProvidedByUsedInOperatingActivities,2015,19891000000,False,,False,,
GE,NetCashProvidedByUsedInOperatingActivities,2016,1160000000,False,,False,,
GE,NetCashProvidedByUsedInOperatingActivities,2017,6554000000,False,,False,,
GE,NetCashProvidedByUsedInOperatingActivities,2018,4978000000,False,,False,,
GE,NetCashProvidedByUsedInOperatingActivities,2019,8734000000,False,,False,,
GE,NetCashProvidedByUsedInOperatingActivities,2020,3568000000,False,,False,,
GE,NetCashProvidedByUsedInOperatingActivities,2021,3481000000,False,,False,,
GE,NetCashProvidedByUsedInOperatingActivities,2022,5917000000,False,,False,,
GE,NetCashProvidedByUsedInOperatingActivities,2023,5189000000,False,,False,,
GE,NetCashProvidedByUsedInOperatingActivities,2024,4710000000,False,,False,,
GE,NetCashProvidedByUsedInOperatingActivities,2025,8537000000,False,,False,,
GOOGL,NetCashProvidedByUsedInOperatingActivities,2013,18659000000,False,,False,,
GOOGL,NetCashProvidedByUsedInOperatingActivities,2014,23024000000,False,,False,,
GOOGL,NetCashProvidedByUsedInOperatingActivities,2015,26572000000,False,,False,,
GOOGL,NetCashProvidedByUsedInOperatingActivities,2016,36036000000,False,,False,,
GOOGL,NetCashProvidedByUsedInOperatingActivities,2017,37091000000,False,,False,,
GOOGL,NetCashProvidedByUsedInOperatingActivities,2018,47971000000,False,,False,,
GOOGL,NetCashProvidedByUsedInOperatingActivities,2019,54520000000,False,,False,,
GOOGL,NetCashProvidedByUsedInOperatingActivities,2020,65124000000,False,,False,,
GOOGL,NetCashProvidedByUsedInOperatingActivities,2021,91652000000,False,,False,,
GOOGL,NetCashProvidedByUsedInOperatingActivities,2022,91495000000,False,,False,,
GOOGL,NetCashProvidedByUsedInOperatingActivities,2023,101746000000,False,,False,,
GOOGL,NetCashProvidedByUsedInOperatingActivities,2024,125299000000,False,,False,,
GOOGL,NetCashProvidedByUsedInOperatingActivities,2025,164713000000,False,,False,,
HD,NetCashProvidedByUsedInOperatingActivities,2008,5727000000,False,,False,,
HD,NetCashProvidedByUsedInOperatingActivities,2009,5528000000,False,,False,,
HD,NetCashProvidedByUsedInOperatingActivities,2013,6975000000,False,,False,,
HD,NetCashProvidedByUsedInOperatingActivities,2014,7628000000,False,,False,,
HD,NetCashProvidedByUsedInOperatingActivities,2015,8242000000,False,,False,,
HD,NetCashProvidedByUsedInOperatingActivities,2019,13165000000,False,,False,,
HD,NetCashProvidedByUsedInOperatingActivities,2020,13687000000,False,,False,,
HD,NetCashProvidedByUsedInOperatingActivities,2025,19810000000,False,,False,,
HD,NetCashProvidedByUsedInOperatingActivities,2026,16325000000,False,,False,,
JNJ,NetCashProvidedByUsedInOperatingActivities,2007,15022000000,False,,False,,
JNJ,NetCashProvidedByUsedInOperatingActivities,2008,14972000000,False,,False,,
JNJ,NetCashProvidedByUsedInOperatingActivities,2012,15396000000,False,,False,,
JNJ,NetCashProvidedByUsedInOperatingActivities,2013,17414000000,False,,False,,
JNJ,NetCashProvidedByUsedInOperatingActivities,2014,18710000000,False,,False,,
JNJ,NetCashProvidedByUsedInOperatingActivities,2017,21056000000,False,,False,,
JNJ,NetCashProvidedByUsedInOperatingActivities,2018,22201000000,False,,False,,
JNJ,NetCashProvidedByUsedInOperatingActivities,2019,23416000000,False,,False,,
JNJ,NetCashProvidedByUsedInOperatingActivities,2023,22791000000,False,,False,,
JNJ,NetCashProvidedByUsedInOperatingActivities,2024,24266000000,False,,False,,
JNJ,NetCashProvidedByUsedInOperatingActivities,2025,24530000000,False,,False,,
KO,NetCashProvidedByUsedInOperatingActivities,2007,7150000000,False,,False,,
KO,NetCashProvidedByUsedInOperatingActivities,2008,7571000000,False,,False,,
KO,NetCashProvidedByUsedInOperatingActivities,2009,8186000000,False,,False,,
KO,NetCashProvidedByUsedInOperatingActivities,2010,9532000000,False,,False,,
KO,NetCashProvidedByUsedInOperatingActivities,2011,9474000000,False,,False,,
KO,NetCashProvidedByUsedInOperatingActivities,2012,10645000000,False,,False,,
KO,NetCashProvidedByUsedInOperatingActivities,2013,10542000000,False,,False,,
KO,NetCashProvidedByUsedInOperatingActivities,2014,10615000000,False,,False,,
KO,NetCashProvidedByUsedInOperatingActivities,2015,10528000000,False,,False,,
KO,NetCashProvidedByUsedInOperatingActivities,2016,8792000000,False,,False,,
KO,NetCashProvidedByUsedInOperatingActivities,2017,7041000000,False,,False,,
KO,NetCashProvidedByUsedInOperatingActivities,2018,7627000000,False,,False,,
KO,NetCashProvidedByUsedInOperatingActivities,2019,10471000000,False,,False,,
KO,NetCashProvidedByUsedInOperatingActivities,2020,9844000000,False,,False,,
KO,NetCashProvidedByUsedInOperatingActivities,2021,12625000000,False,,False,,
KO,NetCashProvidedByUsedInOperatingActivities,2022,11018000000,False,,False,,
KO,NetCashProvidedByUsedInOperatingActivities,2023,11599000000,False,,False,,
KO,NetCashProvidedByUsedInOperatingActivities,2024,6805000000,False,,False,,
KO,NetCashProvidedByUsedInOperatingActivities,2025,7408000000,False,,False,,
LLY,NetCashProvidedByUsedInOperatingActivities,2007,5154500000,False,,False,,
LLY,NetCashProvidedByUsedInOperatingActivities,2008,7295600000,False,,False,,
LLY,NetCashProvidedByUsedInOperatingActivities,2009,4335500000,False,,False,,
LLY,NetCashProvidedByUsedInOperatingActivities,2010,6856800000,False,,False,,
LLY,NetCashProvidedByUsedInOperatingActivities,2011,7234500000,False,,False,,
LLY,NetCashProvidedByUsedInOperatingActivities,2012,5304800000,False,,False,,
LLY,NetCashProvidedByUsedInOperatingActivities,2013,5735000000,False,,False,,
LLY,NetCashProvidedByUsedInOperatingActivities,2014,4458400000,False,,False,,
LLY,NetCashProvidedByUsedInOperatingActivities,2015,2964600000,False,,False,,
LLY,NetCashProvidedByUsedInOperatingActivities,2016,4851000000,False,,False,,
LLY,NetCashProvidedByUsedInOperatingActivities,2017,5615600000,False,,False,,
LLY,NetCashProvidedByUsedInOperatingActivities,2018,5524500000,False,,False,,
LLY,NetCashProvidedByUsedInOperatingActivities,2019,4836600000,False,,False,,
LLY,NetCashProvidedByUsedInOperatingActivities,2020,6499600000,False,,False,,
LLY,NetCashProvidedByUsedInOperatingActivities,2021,7365900000,False,,False,,
LLY,NetCashProvidedByUsedInOperatingActivities,2022,7585700000,False,,False,,
LLY,NetCashProvidedByUsedInOperatingActivities,2023,4240000000,False,,False,,
LLY,NetCashProvidedByUsedInOperatingActivities,2024,8818000000,False,,False,,
LLY,NetCashProvidedByUsedInOperatingActivities,2025,16813000000,False,,False,,
LRCX,NetCashProvidedByUsedInOperatingActivities,2009,-78129000,False,,False,,
LRCX,NetCashProvidedByUsedInOperatingActivities,2010,350713000,False,,False,,
LRCX,NetCashProvidedByUsedInOperatingActivities,2011,881028000,False,,False,,
LRCX,NetCashProvidedByUsedInOperatingActivities,2012,499028000,False,,False,,
LRCX,NetCashProvidedByUsedInOperatingActivities,2013,719933000,False,,False,,
LRCX,NetCashProvidedByUsedInOperatingActivities,2017,2029282000,False,,False,,
LRCX,NetCashProvidedByUsedInOperatingActivities,2018,2655747000,False,,False,,
LRCX,NetCashProvidedByUsedInOperatingActivities,2019,3176013000,False,,False,,
LRCX,NetCashProvidedByUsedInOperatingActivities,2020,2126451000,False,,False,,
LRCX,NetCashProvidedByUsedInOperatingActivities,2021,3588163000,False,,False,,
LRCX,NetCashProvidedByUsedInOperatingActivities,2022,3099674000,False,,False,,
LRCX,NetCashProvidedByUsedInOperatingActivities,2023,5178938000,False,,False,,
LRCX,NetCashProvidedByUsedInOperatingActivities,2024,4652269000,False,,False,,
LRCX,NetCashProvidedByUsedInOperatingActivities,2025,6173264000,False,,False,,
MA,NetCashProvidedByUsedInOperatingActivities,2007,769861000,False,,False,,
MA,NetCashProvidedByUsedInOperatingActivities,2008,413000000,False,,False,,
MA,NetCashProvidedByUsedInOperatingActivities,2009,1378000000,False,,False,,
MA,NetCashProvidedByUsedInOperatingActivities,2010,1697000000,False,,False,,
MA,NetCashProvidedByUsedInOperatingActivities,2011,2684000000,False,,False,,
MA,NetCashProvidedByUsedInOperatingActivities,2012,2948000000,False,,False,,
MA,NetCashProvidedByUsedInOperatingActivities,2013,4135000000,False,,False,,
MA,NetCashProvidedByUsedInOperatingActivities,2014,3407000000,False,,False,,
MA,NetCashProvidedByUsedInOperatingActivities,2015,4101000000,False,,False,,
MA,NetCashProvidedByUsedInOperatingActivities,2016,4637000000,False,,False,,
MA,NetCashProvidedByUsedInOperatingActivities,2017,5664000000,False,,False,,
MA,NetCashProvidedByUsedInOperatingActivities,2018,6223000000,False,,False,,
MA,NetCashProvidedByUsedInOperatingActivities,2019,8183000000,False,,False,,
MA,NetCashProvidedByUsedInOperatingActivities,2020,7224000000,False,,False,,
MA,NetCashProvidedByUsedInOperatingActivities,2021,9463000000,False,,False,,
MA,NetCashProvidedByUsedInOperatingActivities,2022,11195000000,False,,False,,
MA,NetCashProvidedByUsedInOperatingActivities,2023,11980000000,False,,False,,
MA,NetCashProvidedByUsedInOperatingActivities,2024,14780000000,False,,False,,
MA,NetCashProvidedByUsedInOperatingActivities,2025,17648000000,False,,False,,
META,NetCashProvidedByUsedInOperatingActivities,2010,698000000,False,,False,,
META,NetCashProvidedByUsedInOperatingActivities,2011,1549000000,False,,False,,
META,NetCashProvidedByUsedInOperatingActivities,2012,1612000000,False,,False,,
META,NetCashProvidedByUsedInOperatingActivities,2013,4222000000,False,,False,,
META,NetCashProvidedByUsedInOperatingActivities,2014,7326000000,False,,False,,
META,NetCashProvidedByUsedInOperatingActivities,2015,10320000000,False,,False,,
META,NetCashProvidedByUsedInOperatingActivities,2016,16108000000,False,,False,,
META,NetCashProvidedByUsedInOperatingActivities,2017,24216000000,False,,False,,
META,NetCashProvidedByUsedInOperatingActivities,2018,29274000000,False,,False,,
META,NetCashProvidedByUsedInOperatingActivities,2019,36314000000,False,,False,,
META,NetCashProvidedByUsedInOperatingActivities,2020,38747000000,False,,False,,
META,NetCashProvidedByUsedInOperatingActivities,2021,57683000000,False,,False,,
META,NetCashProvidedByUsedInOperatingActivities,2022,50475000000,False,,False,,
META,NetCashProvidedByUsedInOperatingActivities,2023,71113000000,False,,False,,
META,NetCashProvidedByUsedInOperatingActivities,2024,91328000000,False,,False,,
META,NetCashProvidedByUsedInOperatingActivities,2025,115800000000,False,,False,,
MSFT,NetCashProvidedByUsedInOperatingActivities,2008,21612000000,False,,True,5782000000.0,
MSFT,NetCashProvidedByUsedInOperatingActivities,2009,19037000000,False,,True,4969000000.0,
MSFT,NetCashProvidedByUsedInOperatingActivities,2010,24073000000,False,,True,4186000000.0,
MSFT,NetCashProvidedByUsedInOperatingActivities,2011,26994000000,False,,True,5862000000.0,
MSFT,NetCashProvidedByUsedInOperatingActivities,2012,31626000000,False,,True,4780000000.0,
MSFT,NetCashProvidedByUsedInOperatingActivities,2013,28833000000,False,,False,,
MSFT,NetCashProvidedByUsedInOperatingActivities,2016,33325000000,False,,True,6293000000.0,
MSFT,NetCashProvidedByUsedInOperatingActivities,2017,39507000000,False,,True,7875000000.0,
MSFT,NetCashProvidedByUsedInOperatingActivities,2018,43884000000,False,,True,8900000000.0,
MSFT,NetCashProvidedByUsedInOperatingActivities,2019,52185000000,False,,True,10680000000.0,
MSFT,NetCashProvidedByUsedInOperatingActivities,2020,60675000000,False,,True,12516000000.0,
MSFT,NetCashProvidedByUsedInOperatingActivities,2021,76740000000,False,,True,14480000000.0,
MSFT,NetCashProvidedByUsedInOperatingActivities,2022,89035000000,False,,True,11173000000.0,
MSFT,NetCashProvidedByUsedInOperatingActivities,2023,87582000000,False,,True,18853000000.0,
MSFT,NetCashProvidedByUsedInOperatingActivities,2024,118548000000,False,,True,22291000000.0,
MSFT,NetCashProvidedByUsedInOperatingActivities,2025,136162000000,False,,True,35758000000.0,
MU,NetCashProvidedByUsedInOperatingActivities,2009,1206000000,False,,False,,
MU,NetCashProvidedByUsedInOperatingActivities,2010,3096000000,False,,False,,
MU,NetCashProvidedByUsedInOperatingActivities,2011,2484000000,False,,False,,
MU,NetCashProvidedByUsedInOperatingActivities,2015,5208000000,False,,False,,
MU,NetCashProvidedByUsedInOperatingActivities,2016,3168000000,False,,False,,
MU,NetCashProvidedByUsedInOperatingActivities,2020,8306000000,False,,False,,
MU,NetCashProvidedByUsedInOperatingActivities,2021,12468000000,False,,False,,
MU,NetCashProvidedByUsedInOperatingActivities,2022,15181000000,False,,False,,
NFLX,NetCashProvidedByUsedInOperatingActivities,2007,277424000,False,,False,,
NFLX,NetCashProvidedByUsedInOperatingActivities,2008,284037000,False,,False,,
NFLX,NetCashProvidedByUsedInOperatingActivities,2009,325063000,True,105817000.0,False,,
NFLX,NetCashProvidedByUsedInOperatingActivities,2010,276401000,True,96717000.0,False,,
NFLX,NetCashProvidedByUsedInOperatingActivities,2011,317712000,True,65466000.0,False,,
NFLX,NetCashProvidedByUsedInOperatingActivities,2012,21586000,True,-14005000.0,False,,
NFLX,NetCashProvidedByUsedInOperatingActivities,2013,97831000,True,41445000.0,False,,
NFLX,NetCashProvidedByUsedInOperatingActivities,2014,16483000,True,-38461000.0,False,,
NFLX,NetCashProvidedByUsedInOperatingActivities,2015,-749439000,True,-244745000.0,False,,
NFLX,NetCashProvidedByUsedInOperatingActivities,2016,-1473984000,True,-557160000.0,False,,
NFLX,NetCashProvidedByUsedInOperatingActivities,2017,-1785948000,True,-487957000.0,False,,
NFLX,NetCashProvidedByUsedInOperatingActivities,2018,-2680479000,True,-1235072000.0,False,,
NFLX,NetCashProvidedByUsedInOperatingActivities,2019,-2887322000,True,-1461975000.0,False,,
NFLX,NetCashProvidedByUsedInOperatingActivities,2020,2427077000,True,-137672000.0,False,,
NFLX,NetCashProvidedByUsedInOperatingActivities,2021,392610000,True,-403274000.0,False,,
NFLX,NetCashProvidedByUsedInOperatingActivities,2022,2026257000,True,443858000.0,False,,
NFLX,NetCashProvidedByUsedInOperatingActivities,2023,7274301000,True,1663014000.0,False,,
NFLX,NetCashProvidedByUsedInOperatingActivities,2024,7361364000,True,1536894000.0,False,,
NFLX,NetCashProvidedByUsedInOperatingActivities,2025,10149273000,True,2111642000.0,False,,
NVDA,NetCashProvidedByUsedInOperatingActivities,2008,1270196000,False,,False,,
NVDA,NetCashProvidedByUsedInOperatingActivities,2009,249360000,False,,False,,
NVDA,NetCashProvidedByUsedInOperatingActivities,2010,487807000,False,,False,,
NVDA,NetCashProvidedByUsedInOperatingActivities,2011,675797000,False,,False,,
NVDA,NetCashProvidedByUsedInOperatingActivities,2012,909156000,False,,False,,
NVDA,NetCashProvidedByUsedInOperatingActivities,2013,824172000,False,,False,,
NVDA,NetCashProvidedByUsedInOperatingActivities,2014,835000000,False,,False,,
NVDA,NetCashProvidedByUsedInOperatingActivities,2015,906000000,False,,False,,
NVDA,NetCashProvidedByUsedInOperatingActivities,2016,1175000000,False,,False,,
NVDA,NetCashProvidedByUsedInOperatingActivities,2017,1672000000,False,,False,,
NVDA,NetCashProvidedByUsedInOperatingActivities,2018,3502000000,False,,False,,
NVDA,NetCashProvidedByUsedInOperatingActivities,2019,3743000000,False,,False,,
NVDA,NetCashProvidedByUsedInOperatingActivities,2020,4761000000,False,,False,,
NVDA,NetCashProvidedByUsedInOperatingActivities,2021,5822000000,False,,False,,
NVDA,NetCashProvidedByUsedInOperatingActivities,2022,9108000000,False,,False,,
NVDA,NetCashProvidedByUsedInOperatingActivities,2023,5641000000,False,,False,,
NVDA,NetCashProvidedByUsedInOperatingActivities,2024,28090000000,False,,False,,
NVDA,NetCashProvidedByUsedInOperatingActivities,2025,64089000000,False,,False,,
NVDA,NetCashProvidedByUsedInOperatingActivities,2026,102718000000,False,,False,,
ORCL,NetCashProvidedByUsedInOperatingActivities,2008,7402000000,False,,False,,
ORCL,NetCashProvidedByUsedInOperatingActivities,2009,8255000000,False,,False,,
ORCL,NetCashProvidedByUsedInOperatingActivities,2010,8681000000,False,,False,,
ORCL,NetCashProvidedByUsedInOperatingActivities,2011,11214000000,False,,False,,
ORCL,NetCashProvidedByUsedInOperatingActivities,2012,13743000000,False,,False,,
ORCL,NetCashProvidedByUsedInOperatingActivities,2013,14224000000,False,,False,,
ORCL,NetCashProvidedByUsedInOperatingActivities,2016,13685000000,False,,False,,
ORCL,NetCashProvidedByUsedInOperatingActivities,2017,14126000000,False,,False,,
ORCL,NetCashProvidedByUsedInOperatingActivities,2018,15386000000,False,,False,,
ORCL,NetCashProvidedByUsedInOperatingActivities,2019,14551000000,False,,False,,
ORCL,NetCashProvidedByUsedInOperatingActivities,2020,13139000000,False,,False,,
ORCL,NetCashProvidedByUsedInOperatingActivities,2021,15887000000,False,,False,,
ORCL,NetCashProvidedByUsedInOperatingActivities,2022,9539000000,False,,False,,
ORCL,NetCashProvidedByUsedInOperatingActivities,2023,17165000000,False,,False,,
ORCL,NetCashProvidedByUsedInOperatingActivities,2024,18673000000,False,,False,,
ORCL,NetCashProvidedByUsedInOperatingActivities,2025,20821000000,False,,False,,
PG,NetCashProvidedByUsedInOperatingActivities,2008,15008000000,False,,False,,
PG,NetCashProvidedByUsedInOperatingActivities,2009,14919000000,False,,False,,
PG,NetCashProvidedByUsedInOperatingActivities,2010,16131000000,False,,False,,
PG,NetCashProvidedByUsedInOperatingActivities,2011,13330000000,False,,False,,
PG,NetCashProvidedByUsedInOperatingActivities,2012,13284000000,False,,False,,
PG,NetCashProvidedByUsedInOperatingActivities,2013,14873000000,False,,False,,
PG,NetCashProvidedByUsedInOperatingActivities,2014,13958000000,False,,False,,
PG,NetCashProvidedByUsedInOperatingActivities,2015,14608000000,False,,False,,
PG,NetCashProvidedByUsedInOperatingActivities,2016,15435000000,False,,False,,
PG,NetCashProvidedByUsedInOperatingActivities,2017,12753000000,False,,False,,
PG,NetCashProvidedByUsedInOperatingActivities,2018,14867000000,False,,False,,
PG,NetCashProvidedByUsedInOperatingActivities,2019,15242000000,False,,False,,
PG,NetCashProvidedByUsedInOperatingActivities,2020,17403000000,False,,False,,
PG,NetCashProvidedByUsedInOperatingActivities,2021,18371000000,False,,False,,
PG,NetCashProvidedByUsedInOperatingActivities,2022,16723000000,False,,False,,
PG,NetCashProvidedByUsedInOperatingActivities,2023,16848000000,False,,False,,
PG,NetCashProvidedByUsedInOperatingActivities,2024,19846000000,False,,False,,
PG,NetCashProvidedByUsedInOperatingActivities,2025,17817000000,False,,False,,
PLTR,NetCashProvidedByUsedInOperatingActivities,2018,-39012000,False,,False,,
PLTR,NetCashProvidedByUsedInOperatingActivities,2019,-165215000,False,,False,,
PLTR,NetCashProvidedByUsedInOperatingActivities,2020,-296608000,False,,False,,
PLTR,NetCashProvidedByUsedInOperatingActivities,2021,333851000,False,,False,,
PLTR,NetCashProvidedByUsedInOperatingActivities,2022,223737000,False,,False,,
PLTR,NetCashProvidedByUsedInOperatingActivities,2023,712183000,False,,False,,
PLTR,NetCashProvidedByUsedInOperatingActivities,2024,1153865000,False,,False,,
PLTR,NetCashProvidedByUsedInOperatingActivities,2025,2134473000,False,,False,,
TSLA,NetCashProvidedByUsedInOperatingActivities,2009,-80825000,False,,False,,
TSLA,NetCashProvidedByUsedInOperatingActivities,2010,-127817000,False,,False,,
TSLA,NetCashProvidedByUsedInOperatingActivities,2011,-128034000,False,,False,,
TSLA,NetCashProvidedByUsedInOperatingActivities,2012,-266081000,False,,False,,
TSLA,NetCashProvidedByUsedInOperatingActivities,2013,257994000,False,,False,,
TSLA,NetCashProvidedByUsedInOperatingActivities,2016,-123829000,False,,False,,
TSLA,NetCashProvidedByUsedInOperatingActivities,2017,-61000000,False,,False,,
TSLA,NetCashProvidedByUsedInOperatingActivities,2018,2098000000,False,,False,,
TSLA,NetCashProvidedByUsedInOperatingActivities,2019,2405000000,False,,False,,
TSLA,NetCashProvidedByUsedInOperatingActivities,2020,5943000000,False,,False,,
TSLA,NetCashProvidedByUsedInOperatingActivities,2021,11497000000,False,,False,,
TSLA,NetCashProvidedByUsedInOperatingActivities,2022,14724000000,False,,False,,
TSLA,NetCashProvidedByUsedInOperatingActivities,2023,13256000000,False,,False,,
TSLA,NetCashProvidedByUsedInOperatingActivities,2024,14923000000,False,,False,,
TSLA,NetCashProvidedByUsedInOperatingActivities,2025,14747000000,False,,False,,
V,NetCashProvidedByUsedInOperatingActivities,2007,505000000,False,,False,,
V,NetCashProvidedByUsedInOperatingActivities,2008,531000000,False,,False,,
V,NetCashProvidedByUsedInOperatingActivities,2009,558000000,False,,False,,
V,NetCashProvidedByUsedInOperatingActivities,2010,2691000000,False,,False,,
V,NetCashProvidedByUsedInOperatingActivities,2011,3872000000,False,,False,,
V,NetCashProvidedByUsedInOperatingActivities,2012,5009000000,False,,False,,
V,NetCashProvidedByUsedInOperatingActivities,2013,3022000000,False,,False,,
V,NetCashProvidedByUsedInOperatingActivities,2014,7205000000,False,,False,,
V,NetCashProvidedByUsedInOperatingActivities,2015,6584000000,False,,False,,
V,NetCashProvidedByUsedInOperatingActivities,2016,5574000000,False,,False,,
V,NetCashProvidedByUsedInOperatingActivities,2017,9317000000,False,,False,,
V,NetCashProvidedByUsedInOperatingActivities,2018,12941000000,False,,False,,
V,NetCashProvidedByUsedInOperatingActivities,2019,12784000000,False,,False,,
V,NetCashProvidedByUsedInOperatingActivities,2020,10440000000,False,,False,,
V,NetCashProvidedByUsedInOperatingActivities,2021,15227000000,False,,False,,
V,NetCashProvidedByUsedInOperatingActivities,2022,18849000000,False,,False,,
V,NetCashProvidedByUsedInOperatingActivities,2023,20755000000,False,,False,,
V,NetCashProvidedByUsedInOperatingActivities,2024,19950000000,False,,False,,
V,NetCashProvidedByUsedInOperatingActivities,2025,23059000000,False,,False,,
WMT,NetCashProvidedByUsedInOperatingActivities,2008,20642000000,False,,False,,
WMT,NetCashProvidedByUsedInOperatingActivities,2009,23147000000,False,,False,,
WMT,NetCashProvidedByUsedInOperatingActivities,2010,26249000000,False,,False,,
WMT,NetCashProvidedByUsedInOperatingActivities,2011,23643000000,False,,False,,
WMT,NetCashProvidedByUsedInOperatingActivities,2012,24255000000,False,,False,,
WMT,NetCashProvidedByUsedInOperatingActivities,2013,25591000000,False,,False,,
WMT,NetCashProvidedByUsedInOperatingActivities,2014,23257000000,False,,False,,
WMT,NetCashProvidedByUsedInOperatingActivities,2015,28564000000,False,,False,,
WMT,NetCashProvidedByUsedInOperatingActivities,2016,27552000000,False,,False,,
WMT,NetCashProvidedByUsedInOperatingActivities,2017,31673000000,False,,False,,
WMT,NetCashProvidedByUsedInOperatingActivities,2018,28337000000,False,,False,,
WMT,NetCashProvidedByUsedInOperatingActivities,2019,27753000000,False,,False,,
WMT,NetCashProvidedByUsedInOperatingActivities,2020,25255000000,False,,False,,
WMT,NetCashProvidedByUsedInOperatingActivities,2021,36074000000,False,,False,,
WMT,NetCashProvidedByUsedInOperatingActivities,2022,24181000000,False,,False,,
WMT,NetCashProvidedByUsedInOperatingActivities,2023,28841000000,False,,False,,
WMT,NetCashProvidedByUsedInOperatingActivities,2024,35726000000,False,,False,,
WMT,NetCashProvidedByUsedInOperatingActivities,2025,36443000000,False,,False,,
WMT,NetCashProvidedByUsedInOperatingActivities,2026,41565000000,False,,False,,
XOM,NetCashProvidedByUsedInOperatingActivities,2007,52002000000,False,,False,,
XOM,NetCashProvidedByUsedInOperatingActivities,2008,59725000000,False,,False,,
XOM,NetCashProvidedByUsedInOperatingActivities,2009,28438000000,False,,False,,
XOM,NetCashProvidedByUsedInOperatingActivities,2010,48413000000,False,,False,,
XOM,NetCashProvidedByUsedInOperatingActivities,2011,55345000000,False,,False,,
XOM,NetCashProvidedByUsedInOperatingActivities,2012,56170000000,False,,False,,
XOM,NetCashProvidedByUsedInOperatingActivities,2015,30344000000,False,,False,,
XOM,NetCashProvidedByUsedInOperatingActivities,2016,22082000000,False,,False,,
XOM,NetCashProvidedByUsedInOperatingActivities,2017,30066000000,False,,False,,
XOM,NetCashProvidedByUsedInOperatingActivities,2018,36014000000,False,,False,,
XOM,NetCashProvidedByUsedInOperatingActivities,2019,29716000000,False,,False,,
XOM,NetCashProvidedByUsedInOperatingActivities,2020,14668000000,False,,False,,
XOM,NetCashProvidedByUsedInOperatingActivities,2021,48129000000,False,,False,,
XOM,NetCashProvidedByUsedInOperatingActivities,2022,76797000000,False,,False,,
XOM,NetCashProvidedByUsedInOperatingActivities,2023,55369000000,False,,False,,
XOM,NetCashProvidedByUsedInOperatingActivities,2024,55022000000,False,,False,,
XOM,NetCashProvidedByUsedInOperatingActivities,2025,51970000000,False,,False,,
